-- MySQL dump 10.13  Distrib 8.0.36, for Linux (x86_64)
--
-- Host: localhost    Database: jfttest
-- ------------------------------------------------------
-- Server version	8.0.36-0ubuntu0.22.04.1

/*!40101 SET @OLD_CHARACTER_SET_CLIENT=@@CHARACTER_SET_CLIENT */;
/*!40101 SET @OLD_CHARACTER_SET_RESULTS=@@CHARACTER_SET_RESULTS */;
/*!40101 SET @OLD_COLLATION_CONNECTION=@@COLLATION_CONNECTION */;
/*!50503 SET NAMES utf8mb4 */;
/*!40103 SET @OLD_TIME_ZONE=@@TIME_ZONE */;
/*!40103 SET TIME_ZONE='+00:00' */;
/*!40014 SET @OLD_UNIQUE_CHECKS=@@UNIQUE_CHECKS, UNIQUE_CHECKS=0 */;
/*!40014 SET @OLD_FOREIGN_KEY_CHECKS=@@FOREIGN_KEY_CHECKS, FOREIGN_KEY_CHECKS=0 */;
/*!40101 SET @OLD_SQL_MODE=@@SQL_MODE, SQL_MODE='NO_AUTO_VALUE_ON_ZERO' */;
/*!40111 SET @OLD_SQL_NOTES=@@SQL_NOTES, SQL_NOTES=0 */;

--
-- Table structure for table `failed_jobs`
--

DROP TABLE IF EXISTS `failed_jobs`;
/*!40101 SET @saved_cs_client     = @@character_set_client */;
/*!50503 SET character_set_client = utf8mb4 */;
CREATE TABLE `failed_jobs` (
  `id` bigint unsigned NOT NULL AUTO_INCREMENT,
  `uuid` varchar(255) COLLATE utf8mb4_unicode_ci NOT NULL,
  `connection` text COLLATE utf8mb4_unicode_ci NOT NULL,
  `queue` text COLLATE utf8mb4_unicode_ci NOT NULL,
  `payload` longtext COLLATE utf8mb4_unicode_ci NOT NULL,
  `exception` longtext COLLATE utf8mb4_unicode_ci NOT NULL,
  `failed_at` timestamp NOT NULL DEFAULT CURRENT_TIMESTAMP,
  PRIMARY KEY (`id`),
  UNIQUE KEY `failed_jobs_uuid_unique` (`uuid`)
) ENGINE=InnoDB DEFAULT CHARSET=utf8mb4 COLLATE=utf8mb4_unicode_ci;
/*!40101 SET character_set_client = @saved_cs_client */;

--
-- Dumping data for table `failed_jobs`
--

LOCK TABLES `failed_jobs` WRITE;
/*!40000 ALTER TABLE `failed_jobs` DISABLE KEYS */;
/*!40000 ALTER TABLE `failed_jobs` ENABLE KEYS */;
UNLOCK TABLES;

--
-- Table structure for table `group_options`
--

DROP TABLE IF EXISTS `group_options`;
/*!40101 SET @saved_cs_client     = @@character_set_client */;
/*!50503 SET character_set_client = utf8mb4 */;
CREATE TABLE `group_options` (
  `id` bigint unsigned NOT NULL AUTO_INCREMENT,
  `opt_title` varchar(255) COLLATE utf8mb4_unicode_ci DEFAULT NULL,
  `opt_correct` varchar(255) COLLATE utf8mb4_unicode_ci NOT NULL,
  `question_id` bigint unsigned NOT NULL,
  `created_at` timestamp NULL DEFAULT NULL,
  `updated_at` timestamp NULL DEFAULT NULL,
  PRIMARY KEY (`id`),
  KEY `group_options_question_id_foreign` (`question_id`),
  CONSTRAINT `group_options_question_id_foreign` FOREIGN KEY (`question_id`) REFERENCES `questions` (`id`)
) ENGINE=InnoDB AUTO_INCREMENT=126 DEFAULT CHARSET=utf8mb4 COLLATE=utf8mb4_unicode_ci;
/*!40101 SET character_set_client = @saved_cs_client */;

--
-- Dumping data for table `group_options`
--

LOCK TABLES `group_options` WRITE;
/*!40000 ALTER TABLE `group_options` DISABLE KEYS */;
INSERT INTO `group_options` VALUES (1,NULL,'B',1,'2024-04-15 06:46:26','2024-04-15 06:48:38'),(2,NULL,'B',2,'2024-04-15 06:51:47','2024-04-15 06:51:47'),(4,NULL,'C',7,'2024-04-17 02:55:59','2024-04-17 02:55:59'),(5,NULL,'A',8,'2024-04-17 03:08:16','2024-04-17 03:08:16'),(6,NULL,'C',9,'2024-04-17 03:28:54','2024-04-17 03:28:54'),(7,NULL,'C',10,'2024-04-17 03:31:38','2024-04-17 03:31:38'),(8,NULL,'B',11,'2024-04-17 03:41:21','2024-04-17 03:41:21'),(9,NULL,'C',12,'2024-04-17 03:43:36','2024-04-17 03:43:36'),(10,NULL,'B',13,'2024-04-17 03:59:23','2024-04-17 03:59:23'),(11,NULL,'C',14,'2024-04-17 04:04:53','2024-04-17 04:04:53'),(12,NULL,'B',15,'2024-04-17 04:16:32','2024-04-18 04:36:17'),(13,NULL,'A',16,'2024-04-17 04:19:02','2024-04-17 04:19:02'),(14,NULL,'B',17,'2024-04-17 04:23:28','2024-04-17 04:23:28'),(20,NULL,'C',25,'2024-04-17 06:59:25','2024-04-17 06:59:25'),(21,NULL,'B',26,'2024-04-17 07:01:33','2024-04-17 07:01:33'),(22,NULL,'A',27,'2024-04-17 07:10:36','2024-04-17 07:10:36'),(23,NULL,'A',28,'2024-04-17 07:13:35','2024-04-17 07:13:35'),(24,NULL,'A',29,'2024-04-17 07:15:45','2024-04-17 07:15:45'),(25,NULL,'A',30,'2024-04-17 07:22:08','2024-04-17 07:22:08'),(26,NULL,'A',31,'2024-04-17 07:25:18','2024-04-17 07:25:18'),(27,NULL,'A',32,'2024-04-17 07:35:56','2024-04-17 07:35:56'),(28,NULL,'B',33,'2024-04-17 07:38:01','2024-04-17 07:38:44'),(29,NULL,'B',34,'2024-04-17 07:40:20','2024-04-17 07:40:20'),(30,NULL,'B',35,'2024-04-17 07:52:06','2024-04-17 07:52:06'),(31,NULL,'C',36,'2024-04-17 07:57:21','2024-04-17 07:57:21'),(32,NULL,'B',37,'2024-04-17 08:00:14','2024-04-17 08:00:14'),(33,NULL,'C',38,'2024-04-17 08:01:58','2024-04-17 08:01:58'),(34,NULL,'C',39,'2024-04-17 08:10:27','2024-04-17 08:10:27'),(35,NULL,'B',40,'2024-04-17 08:38:26','2024-04-18 04:42:25'),(36,NULL,'A',41,'2024-04-17 08:48:50','2024-04-17 08:48:50'),(37,NULL,'C',42,'2024-04-17 09:04:04','2024-04-17 09:04:04'),(38,NULL,'B',43,'2024-04-17 09:06:29','2024-04-17 09:06:29'),(39,NULL,'A',44,'2024-04-17 09:09:49','2024-04-17 09:09:49'),(40,NULL,'C',45,'2024-04-17 09:15:27','2024-04-17 09:15:27'),(41,NULL,'B',46,'2024-04-17 09:19:48','2024-04-17 09:19:48'),(42,NULL,'C',47,'2024-04-17 09:26:39','2024-04-17 09:26:39'),(43,NULL,'B',48,'2024-04-17 09:54:52','2024-04-17 09:54:52'),(44,NULL,'B',49,'2024-04-17 10:11:08','2024-04-17 10:11:08'),(45,NULL,'B',50,'2024-04-18 01:50:32','2024-04-18 04:44:35'),(46,NULL,'C',51,'2024-04-18 01:53:21','2024-04-18 01:53:21'),(47,NULL,'A',52,'2024-04-18 01:57:31','2024-04-18 01:57:31'),(48,NULL,'A',53,'2024-04-18 02:15:19','2024-04-18 04:43:49'),(49,NULL,'C',54,'2024-04-18 02:18:32','2024-04-18 04:45:39'),(50,NULL,'A',56,'2024-04-18 02:40:22','2024-04-18 04:46:45'),(51,NULL,'C',57,'2024-04-18 02:52:11','2024-04-18 02:52:11'),(52,NULL,'C',58,'2024-04-18 03:01:52','2024-04-18 03:01:52'),(53,NULL,'B',60,'2024-04-18 03:11:49','2024-04-18 03:11:49'),(54,NULL,'B',61,'2024-04-18 03:23:07','2024-04-18 04:47:37'),(55,NULL,'A',62,'2024-04-18 03:26:02','2024-04-18 03:26:02'),(56,NULL,'C',63,'2024-04-18 03:28:40','2024-04-18 03:28:40'),(57,NULL,'C',64,'2024-04-18 03:35:31','2024-04-18 03:35:31'),(58,NULL,'B',65,'2024-04-18 03:45:19','2024-04-18 03:45:19'),(59,NULL,'B',66,'2024-04-18 03:47:14','2024-04-18 04:48:07'),(60,NULL,'B',67,'2024-04-18 04:00:27','2024-04-18 04:00:27'),(61,NULL,'B',68,'2024-04-18 04:02:29','2024-04-18 04:48:47'),(62,NULL,'C',69,'2024-04-18 04:07:25','2024-04-18 04:07:25'),(63,NULL,'B',70,'2024-04-18 04:10:30','2024-04-18 04:49:39'),(64,NULL,'A',71,'2024-04-18 04:12:31','2024-04-18 04:50:01'),(65,NULL,'A',72,'2024-04-18 05:08:05','2024-04-18 05:08:05'),(66,NULL,'C',73,'2024-04-18 06:57:52','2024-04-18 06:57:52'),(67,NULL,'A',74,'2024-04-18 07:01:01','2024-04-18 07:01:01'),(68,NULL,'A',75,'2024-04-18 07:03:42','2024-04-18 07:03:42'),(69,NULL,'C',76,'2024-04-18 07:10:19','2024-04-18 07:10:19'),(70,NULL,'A',77,'2024-04-18 07:13:08','2024-04-18 07:13:08'),(71,NULL,'A',78,'2024-04-18 07:17:15','2024-04-18 07:17:15'),(72,NULL,'C',79,'2024-04-18 07:24:07','2024-04-18 07:24:07'),(73,NULL,'B',80,'2024-04-18 07:26:09','2024-04-18 07:26:09'),(74,NULL,'A',81,'2024-04-18 07:32:17','2024-04-18 07:32:17'),(75,NULL,'B',82,'2024-04-18 07:34:16','2024-04-18 07:34:16'),(76,NULL,'B',83,'2024-04-18 07:37:24','2024-04-18 07:37:24'),(77,NULL,'A',84,'2024-04-18 07:46:29','2024-04-18 07:46:29'),(78,NULL,'A',85,'2024-04-18 08:06:29','2024-04-18 08:06:29'),(79,NULL,'C',86,'2024-04-18 10:14:32','2024-04-18 10:14:32'),(80,NULL,'C',87,'2024-04-19 01:43:52','2024-04-19 01:43:52'),(81,NULL,'B',88,'2024-04-19 01:45:35','2024-04-19 01:45:35'),(82,NULL,'B',89,'2024-04-19 01:47:18','2024-04-19 01:47:18'),(83,NULL,'A',90,'2024-04-19 01:49:00','2024-04-19 01:49:00'),(84,NULL,'B',91,'2024-04-19 01:53:29','2024-04-19 01:53:29'),(85,NULL,'B',92,'2024-04-19 01:55:39','2024-04-19 01:55:39'),(86,NULL,'B',93,'2024-04-19 01:57:33','2024-04-19 01:57:33'),(87,NULL,'C',94,'2024-04-19 02:01:52','2024-04-19 02:01:52'),(88,NULL,'B',95,'2024-04-19 02:03:46','2024-04-19 02:03:46'),(89,NULL,'B',96,'2024-04-19 02:13:31','2024-04-19 02:13:31'),(90,NULL,'B',97,'2024-04-19 02:16:05','2024-04-19 02:16:05'),(91,NULL,'C',98,'2024-04-19 02:18:09','2024-04-19 02:18:09'),(92,NULL,'A',99,'2024-04-19 02:23:28','2024-04-19 02:23:28'),(93,NULL,'C',100,'2024-04-19 02:51:46','2024-04-19 02:51:46'),(94,NULL,'B',101,'2024-04-19 03:31:17','2024-04-19 03:31:17'),(95,NULL,'A',102,'2024-04-19 03:33:33','2024-04-19 03:33:33'),(96,NULL,'C',103,'2024-04-19 04:15:29','2024-04-19 04:15:29'),(97,NULL,'C',104,'2024-04-19 04:18:35','2024-04-19 04:18:35'),(98,NULL,'B',105,'2024-04-19 04:21:40','2024-04-19 04:21:40'),(99,NULL,'C',106,'2024-04-19 04:42:05','2024-04-19 04:42:05'),(100,NULL,'A',107,'2024-04-19 06:32:50','2024-04-19 06:32:50'),(102,NULL,'B',109,'2024-04-19 06:41:04','2024-04-19 06:41:04'),(103,NULL,'C',110,'2024-04-19 06:42:16','2024-04-19 06:42:16'),(104,NULL,'A',111,'2024-04-19 06:44:10','2024-04-19 06:44:10'),(105,NULL,'C',112,'2024-04-19 06:46:33','2024-04-19 06:46:33'),(106,NULL,'A',113,'2024-04-19 06:57:47','2024-04-19 06:57:47'),(107,NULL,'C',114,'2024-04-19 07:06:11','2024-04-19 07:06:11'),(108,NULL,'B',115,'2024-04-19 07:09:21','2024-04-19 07:09:21'),(109,NULL,'C',116,'2024-04-19 07:14:31','2024-04-19 07:14:31'),(110,NULL,'C',117,'2024-04-19 07:21:25','2024-04-19 07:21:25'),(111,NULL,'B',118,'2024-04-19 07:27:41','2024-04-19 07:27:41'),(112,NULL,'C',119,'2024-04-19 07:37:51','2024-04-19 07:37:51'),(113,NULL,'A',120,'2024-04-19 07:40:15','2024-04-19 07:40:15'),(114,NULL,'C',121,'2024-04-19 07:41:51','2024-04-19 07:41:51'),(115,NULL,'B',122,'2024-04-19 07:46:49','2024-04-19 07:46:49'),(116,NULL,'B',123,'2024-04-19 07:51:29','2024-04-19 07:51:29'),(117,NULL,'C',124,'2024-04-19 07:57:21','2024-04-19 07:57:21'),(118,NULL,'C',125,'2024-04-19 07:57:22','2024-04-19 07:57:22'),(119,NULL,'B',126,'2024-04-19 07:59:36','2024-04-19 07:59:36'),(120,NULL,'A',127,'2024-04-19 08:03:14','2024-04-19 08:03:14'),(121,NULL,'C',128,'2024-04-19 08:09:31','2024-04-19 08:09:31'),(122,NULL,'C',129,'2024-04-19 08:19:31','2024-04-19 08:19:31'),(123,NULL,'B',130,'2024-04-19 08:21:41','2024-04-19 08:21:41'),(124,NULL,'C',131,'2024-04-22 10:26:02','2024-04-22 10:26:02'),(125,NULL,'B',132,'2024-04-22 10:31:18','2024-04-22 10:31:18');
/*!40000 ALTER TABLE `group_options` ENABLE KEYS */;
UNLOCK TABLES;

--
-- Table structure for table `migrations`
--

DROP TABLE IF EXISTS `migrations`;
/*!40101 SET @saved_cs_client     = @@character_set_client */;
/*!50503 SET character_set_client = utf8mb4 */;
CREATE TABLE `migrations` (
  `id` int unsigned NOT NULL AUTO_INCREMENT,
  `migration` varchar(255) COLLATE utf8mb4_unicode_ci NOT NULL,
  `batch` int NOT NULL,
  PRIMARY KEY (`id`)
) ENGINE=InnoDB AUTO_INCREMENT=12 DEFAULT CHARSET=utf8mb4 COLLATE=utf8mb4_unicode_ci;
/*!40101 SET character_set_client = @saved_cs_client */;

--
-- Dumping data for table `migrations`
--

LOCK TABLES `migrations` WRITE;
/*!40000 ALTER TABLE `migrations` DISABLE KEYS */;
INSERT INTO `migrations` VALUES (1,'2014_10_12_000000_create_users_table',1),(2,'2014_10_12_100000_create_password_resets_table',1),(3,'2019_08_19_000000_create_failed_jobs_table',1),(4,'2019_12_14_000001_create_personal_access_tokens_table',1),(5,'2024_03_18_040904_create_package_tests_table',1),(6,'2024_03_18_041907_create_sections_table',1),(7,'2024_03_18_042328_create_questions_table',1),(8,'2024_03_18_053557_create_group_options_table',1),(9,'2024_03_18_054505_create_options_table',1),(10,'2024_03_24_084321_create_user_answers_table',1),(11,'2024_03_24_084906_create_user_answer_details_table',1);
/*!40000 ALTER TABLE `migrations` ENABLE KEYS */;
UNLOCK TABLES;

--
-- Table structure for table `options`
--

DROP TABLE IF EXISTS `options`;
/*!40101 SET @saved_cs_client     = @@character_set_client */;
/*!50503 SET character_set_client = utf8mb4 */;
CREATE TABLE `options` (
  `id` bigint unsigned NOT NULL AUTO_INCREMENT,
  `opt_content` text COLLATE utf8mb4_unicode_ci,
  `opt_char` text COLLATE utf8mb4_unicode_ci NOT NULL,
  `opt_img` varchar(255) COLLATE utf8mb4_unicode_ci DEFAULT NULL,
  `group_option_id` bigint unsigned NOT NULL,
  `created_at` timestamp NULL DEFAULT NULL,
  `updated_at` timestamp NULL DEFAULT NULL,
  PRIMARY KEY (`id`),
  KEY `options_group_option_id_foreign` (`group_option_id`),
  CONSTRAINT `options_group_option_id_foreign` FOREIGN KEY (`group_option_id`) REFERENCES `group_options` (`id`)
) ENGINE=InnoDB AUTO_INCREMENT=501 DEFAULT CHARSET=utf8mb4 COLLATE=utf8mb4_unicode_ci;
/*!40101 SET character_set_client = @saved_cs_client */;

--
-- Dumping data for table `options`
--

LOCK TABLES `options` WRITE;
/*!40000 ALTER TABLE `options` DISABLE KEYS */;
INSERT INTO `options` VALUES (1,'さむい','A',NULL,1,'2024-04-15 06:46:26','2024-04-18 04:35:27'),(2,'すずしい','B',NULL,1,'2024-04-15 06:46:26','2024-04-18 04:35:27'),(3,'あつい','C',NULL,1,'2024-04-15 06:46:26','2024-04-18 04:35:27'),(4,NULL,'D',NULL,1,'2024-04-15 06:46:26','2024-04-18 04:35:27'),(5,'じんじゃ','A',NULL,2,'2024-04-15 06:51:47','2024-04-15 06:51:47'),(6,'おてら','B',NULL,2,'2024-04-15 06:51:47','2024-04-15 06:51:47'),(7,'きょうかい','C',NULL,2,'2024-04-15 06:51:47','2024-04-15 06:51:47'),(8,NULL,'D',NULL,2,'2024-04-15 06:51:47','2024-04-15 06:51:47'),(13,'入れています','A',NULL,4,'2024-04-17 02:55:59','2024-04-17 02:55:59'),(14,'使っていますか','B',NULL,4,'2024-04-17 02:55:59','2024-04-17 02:55:59'),(15,'入っています','C',NULL,4,'2024-04-17 02:55:59','2024-04-17 02:55:59'),(16,NULL,'D',NULL,4,'2024-04-17 02:55:59','2024-04-17 02:55:59'),(17,'辛くなくて','A',NULL,5,'2024-04-17 03:08:16','2024-04-17 03:38:58'),(18,'辛そうで','B',NULL,5,'2024-04-17 03:08:16','2024-04-17 03:38:58'),(19,'辛くて','C',NULL,5,'2024-04-17 03:08:16','2024-04-17 03:38:58'),(20,NULL,'D',NULL,5,'2024-04-17 03:08:16','2024-04-17 03:38:58'),(21,'かよって','A',NULL,6,'2024-04-17 03:28:54','2024-04-17 03:28:54'),(22,'はいって','B',NULL,6,'2024-04-17 03:28:54','2024-04-17 03:28:54'),(23,'まよって','C',NULL,6,'2024-04-17 03:28:54','2024-04-17 03:28:54'),(24,NULL,'D',NULL,6,'2024-04-17 03:28:54','2024-04-17 03:28:54'),(25,'ひろい','A',NULL,7,'2024-04-17 03:31:38','2024-04-17 03:38:31'),(26,'あたらしい','B',NULL,7,'2024-04-17 03:31:38','2024-04-17 03:38:31'),(27,'ふるい','C',NULL,7,'2024-04-17 03:31:38','2024-04-17 03:38:31'),(28,NULL,'D',NULL,7,'2024-04-17 03:31:38','2024-04-17 03:38:31'),(29,'かよい','A',NULL,8,'2024-04-17 03:41:21','2024-04-17 03:41:21'),(30,'よてい','B',NULL,8,'2024-04-17 03:41:21','2024-04-17 03:41:21'),(31,'ようじ','C',NULL,8,'2024-04-17 03:41:21','2024-04-17 03:41:21'),(32,NULL,'D',NULL,8,'2024-04-17 03:41:21','2024-04-17 03:41:21'),(33,'たかい','A',NULL,9,'2024-04-17 03:43:36','2024-04-17 03:43:36'),(34,'さむい','B',NULL,9,'2024-04-17 03:43:36','2024-04-17 03:43:36'),(35,'あつい','C',NULL,9,'2024-04-17 03:43:36','2024-04-17 03:43:36'),(36,NULL,'D',NULL,9,'2024-04-17 03:43:36','2024-04-17 03:43:36'),(37,'先週','A',NULL,10,'2024-04-17 03:59:23','2024-04-17 03:59:23'),(38,'生活','B',NULL,10,'2024-04-17 03:59:23','2024-04-17 03:59:23'),(39,'再活','C',NULL,10,'2024-04-17 03:59:23','2024-04-17 03:59:23'),(40,NULL,'D',NULL,10,'2024-04-17 03:59:23','2024-04-17 03:59:23'),(41,'少ない','A',NULL,11,'2024-04-17 04:04:53','2024-04-17 04:04:53'),(42,'多い','B',NULL,11,'2024-04-17 04:04:53','2024-04-17 04:04:53'),(43,'遠い','C',NULL,11,'2024-04-17 04:04:53','2024-04-17 04:04:53'),(44,NULL,'D',NULL,11,'2024-04-17 04:04:53','2024-04-17 04:04:53'),(45,'乗ります','A',NULL,12,'2024-04-17 04:16:32','2024-04-18 04:36:17'),(46,'送ります','B',NULL,12,'2024-04-17 04:16:32','2024-04-18 04:36:17'),(47,'作ります','C',NULL,12,'2024-04-17 04:16:32','2024-04-18 04:36:17'),(48,NULL,'D',NULL,12,'2024-04-17 04:16:32','2024-04-18 04:36:17'),(49,'登った','A',NULL,13,'2024-04-17 04:19:02','2024-04-17 04:19:02'),(50,'持った','B',NULL,13,'2024-04-17 04:19:02','2024-04-17 04:19:02'),(51,'乗った','C',NULL,13,'2024-04-17 04:19:02','2024-04-17 04:19:02'),(52,NULL,'D',NULL,13,'2024-04-17 04:19:02','2024-04-17 04:19:02'),(53,'参加します','A',NULL,14,'2024-04-17 04:23:28','2024-04-17 04:23:28'),(54,'用意します','B',NULL,14,'2024-04-17 04:23:28','2024-04-17 04:23:28'),(55,'旅行します','C',NULL,14,'2024-04-17 04:23:28','2024-04-17 04:23:28'),(56,NULL,'D',NULL,14,'2024-04-17 04:23:28','2024-04-17 04:23:28'),(77,'わすれる','A',NULL,20,'2024-04-17 06:59:25','2024-04-17 06:59:25'),(78,'わすれた','B',NULL,20,'2024-04-17 06:59:25','2024-04-17 06:59:25'),(79,'わすれて','C',NULL,20,'2024-04-17 06:59:25','2024-04-17 06:59:25'),(80,NULL,'D',NULL,20,'2024-04-17 06:59:25','2024-04-17 06:59:25'),(81,'まだ','A',NULL,21,'2024-04-17 07:01:33','2024-04-17 07:01:33'),(82,'もう','B',NULL,21,'2024-04-17 07:01:33','2024-04-17 07:01:33'),(83,'きっと','C',NULL,21,'2024-04-17 07:01:33','2024-04-17 07:01:33'),(84,NULL,'D',NULL,21,'2024-04-17 07:01:33','2024-04-17 07:01:33'),(85,'いかなければ','A',NULL,22,'2024-04-17 07:10:36','2024-04-17 07:10:36'),(86,'いっても','B',NULL,22,'2024-04-17 07:10:37','2024-04-17 07:10:37'),(87,'いくことが','C',NULL,22,'2024-04-17 07:10:37','2024-04-17 07:10:37'),(88,NULL,'D',NULL,22,'2024-04-17 07:10:37','2024-04-17 07:10:37'),(89,'こんでいて','A',NULL,23,'2024-04-17 07:13:35','2024-04-17 07:13:35'),(90,'こんでいると','B',NULL,23,'2024-04-17 07:13:35','2024-04-17 07:13:35'),(91,'こんでいるけど','C',NULL,23,'2024-04-17 07:13:35','2024-04-17 07:13:35'),(92,NULL,'D',NULL,23,'2024-04-17 07:13:35','2024-04-17 07:13:35'),(93,'それで','A',NULL,24,'2024-04-17 07:15:45','2024-04-17 07:15:45'),(94,'それに','B',NULL,24,'2024-04-17 07:15:45','2024-04-17 07:15:45'),(95,'それから','C',NULL,24,'2024-04-17 07:15:45','2024-04-17 07:15:45'),(96,NULL,'D',NULL,24,'2024-04-17 07:15:45','2024-04-17 07:15:45'),(97,'あけましょう','A',NULL,25,'2024-04-17 07:22:08','2024-04-17 07:22:08'),(98,'あけています','B',NULL,25,'2024-04-17 07:22:08','2024-04-17 07:22:08'),(99,'あけました','C',NULL,25,'2024-04-17 07:22:08','2024-04-17 07:22:08'),(100,NULL,'D',NULL,25,'2024-04-17 07:22:08','2024-04-17 07:22:08'),(101,'かえして','A',NULL,26,'2024-04-17 07:25:18','2024-04-17 07:25:18'),(102,'かえす','B',NULL,26,'2024-04-17 07:25:18','2024-04-17 07:25:18'),(103,'かえさない','C',NULL,26,'2024-04-17 07:25:18','2024-04-17 07:25:18'),(104,NULL,'D',NULL,26,'2024-04-17 07:25:18','2024-04-17 07:25:18'),(105,'おかげさまで','A',NULL,27,'2024-04-17 07:35:56','2024-04-17 07:35:56'),(106,'元気です','B',NULL,27,'2024-04-17 07:35:56','2024-04-17 07:35:56'),(107,'お久しぶり','C',NULL,27,'2024-04-17 07:35:56','2024-04-17 07:35:56'),(108,NULL,'D',NULL,27,'2024-04-17 07:35:56','2024-04-17 07:35:56'),(109,'いいですね','A',NULL,28,'2024-04-17 07:38:01','2024-04-17 07:38:44'),(110,'とくにないです','B',NULL,28,'2024-04-17 07:38:01','2024-04-17 07:38:44'),(111,'たいへんです','C',NULL,28,'2024-04-17 07:38:01','2024-04-17 07:38:44'),(112,NULL,'D',NULL,28,'2024-04-17 07:38:01','2024-04-17 07:38:44'),(113,'おさきにしつれします。','A',NULL,29,'2024-04-17 07:40:20','2024-04-17 07:40:20'),(114,'おげんきで','B',NULL,29,'2024-04-17 07:40:20','2024-04-17 07:40:20'),(115,'おひさしぶりです','C',NULL,29,'2024-04-17 07:40:20','2024-04-17 07:40:20'),(116,NULL,'D',NULL,29,'2024-04-17 07:40:20','2024-04-17 07:40:20'),(117,'a.	をつかってます','A',NULL,30,'2024-04-17 07:52:06','2024-04-17 07:52:06'),(118,'といいます','B',NULL,30,'2024-04-17 07:52:06','2024-04-17 07:52:06'),(119,'がいっぱいです','C',NULL,30,'2024-04-17 07:52:06','2024-04-17 07:52:06'),(120,NULL,'D',NULL,30,'2024-04-17 07:52:06','2024-04-17 07:52:06'),(121,'そうですね','A',NULL,31,'2024-04-17 07:57:21','2024-04-17 07:57:21'),(122,'そうです','B',NULL,31,'2024-04-17 07:57:21','2024-04-17 07:57:21'),(123,'そうなんですか','C',NULL,31,'2024-04-17 07:57:21','2024-04-17 07:57:21'),(124,NULL,'D',NULL,31,'2024-04-17 07:57:21','2024-04-17 07:57:21'),(125,'べつにかまいません','A',NULL,32,'2024-04-17 08:00:14','2024-04-17 08:00:14'),(126,'それはいけませんね','B',NULL,32,'2024-04-17 08:00:14','2024-04-17 08:00:14'),(127,'すみませんでした','C',NULL,32,'2024-04-17 08:00:14','2024-04-17 08:00:14'),(128,NULL,'D',NULL,32,'2024-04-17 08:00:14','2024-04-17 08:00:14'),(129,'どうですか','A',NULL,33,'2024-04-17 08:01:58','2024-04-17 08:01:58'),(130,'いいでしょうか','B',NULL,33,'2024-04-17 08:01:58','2024-04-17 08:01:58'),(131,'どうしたんですか','C',NULL,33,'2024-04-17 08:01:58','2024-04-17 08:01:58'),(132,NULL,'D',NULL,33,'2024-04-17 08:01:58','2024-04-17 08:01:58'),(133,'どうやってですか。','A',NULL,34,'2024-04-17 08:10:27','2024-04-17 08:10:27'),(134,'どうすればいいですか。','B',NULL,34,'2024-04-17 08:10:27','2024-04-17 08:10:27'),(135,'どうされましたか','C',NULL,34,'2024-04-17 08:10:27','2024-04-17 08:10:27'),(136,NULL,'D',NULL,34,'2024-04-17 08:10:27','2024-04-17 08:10:27'),(137,NULL,'A','opt-images/x563Sa1aULJsjqtSHDhWlgPZhCqWnpWs81vQfxd5.png',35,'2024-04-17 08:38:26','2024-04-18 04:42:25'),(138,NULL,'B','opt-images/uGVXxsSY4IkR2fuzCstqbr9cSBePtiIpIa3oIm4g.png',35,'2024-04-17 08:38:26','2024-04-18 04:42:25'),(139,NULL,'C','opt-images/Jfvoratacvy53I7C9FnkZIZ0LbDU8jeIjlk8JAgf.png',35,'2024-04-17 08:38:26','2024-04-18 04:42:25'),(140,NULL,'D',NULL,35,'2024-04-17 08:38:26','2024-04-18 04:42:25'),(141,NULL,'A','opt-images/aF8F7M3hbMFfmyHnW8TeKnLIDnLVvlYjdaFck8dY.png',36,'2024-04-17 08:48:50','2024-04-17 08:48:50'),(142,NULL,'B','opt-images/OJNq1d4bGV09UP0AX5JgN47WxqH97YcIwkPx2gnn.png',36,'2024-04-17 08:48:51','2024-04-17 08:48:51'),(143,NULL,'C','opt-images/hsh1zSHfNDOcziBCYkePEIvn1ImAo5F4Tl4evo2n.png',36,'2024-04-17 08:48:51','2024-04-17 08:48:51'),(144,NULL,'D',NULL,36,'2024-04-17 08:48:51','2024-04-17 08:48:51'),(145,NULL,'A','opt-images/zB4i5gNSZcNk4oecG5pP1KpuFZ7blYWh2eQQfCtf.png',37,'2024-04-17 09:04:04','2024-04-17 09:04:04'),(146,NULL,'B','opt-images/8hq6NWQAc6z21BaVo0RszH0pXVjHYaYjEtUFlc1x.png',37,'2024-04-17 09:04:04','2024-04-17 09:04:04'),(147,NULL,'C','opt-images/uc7qnrzMgHQOspPQo3L2WBEiqo3cbn26lOsHX2xb.png',37,'2024-04-17 09:04:04','2024-04-17 09:04:04'),(148,NULL,'D',NULL,37,'2024-04-17 09:04:04','2024-04-17 09:04:04'),(149,NULL,'A','opt-images/bKnowphz66EUZaBaWP9abTqLPuNCSv1Zi4noFCkf.png',38,'2024-04-17 09:06:29','2024-04-17 09:06:29'),(150,NULL,'B','opt-images/ozw2IdP9sch6ZVUC7VgZkVA1EnUXSzidKzXZdRBT.png',38,'2024-04-17 09:06:29','2024-04-17 09:06:29'),(151,NULL,'C','opt-images/MbehV1isG3vpXJ7828JDxIXOm0wCBW7wa9rI8IDi.png',38,'2024-04-17 09:06:29','2024-04-17 09:06:29'),(152,NULL,'D',NULL,38,'2024-04-17 09:06:29','2024-04-17 09:06:29'),(153,NULL,'A','opt-images/lynKv56idIe7KMjer6Dn5qdArWyr61Xo2a6dcYGl.png',39,'2024-04-17 09:09:49','2024-04-17 09:09:49'),(154,NULL,'B','opt-images/qD0Ejwky5AFpqOhkFvuNrFRnOIGThaRPC2BO1ayR.png',39,'2024-04-17 09:09:49','2024-04-17 09:09:49'),(155,NULL,'C','opt-images/qiebdDUYVdhHDB0hXi7beQwIDh0H8VKSKPrOsGvd.png',39,'2024-04-17 09:09:49','2024-04-17 09:09:49'),(156,NULL,'D',NULL,39,'2024-04-17 09:09:49','2024-04-17 09:09:49'),(157,'1','A',NULL,40,'2024-04-17 09:15:27','2024-04-17 09:15:27'),(158,'2','B',NULL,40,'2024-04-17 09:15:27','2024-04-17 09:15:27'),(159,'3','C',NULL,40,'2024-04-17 09:15:27','2024-04-17 09:15:27'),(160,NULL,'D',NULL,40,'2024-04-17 09:15:27','2024-04-17 09:15:27'),(161,NULL,'A','opt-images/kbAz2Tt1BT7O6nFeRq0GgS3UA6flKjZDE7fRMIFs.png',41,'2024-04-17 09:19:48','2024-04-17 09:19:48'),(162,NULL,'B','opt-images/HMA4SWHNfUH2blug1xRaoTLcAlSQavssgV1LoJBY.png',41,'2024-04-17 09:19:48','2024-04-17 09:19:48'),(163,NULL,'C','opt-images/wcv3ihadRUG3K0sU9yR9JlhzhReAj9AgREYPpx0r.png',41,'2024-04-17 09:19:48','2024-04-17 09:19:48'),(164,NULL,'D',NULL,41,'2024-04-17 09:19:48','2024-04-17 09:19:48'),(165,NULL,'A','opt-images/S7AxU8pRAjGyX0kYS1mLefDLZifB32zl8xWw6yKL.png',42,'2024-04-17 09:26:39','2024-04-17 09:26:39'),(166,NULL,'B','opt-images/g9EYy9HWxYVTPj1Q05sreetJwIhWivHWpaRbkebS.png',42,'2024-04-17 09:26:39','2024-04-17 09:26:39'),(167,NULL,'C','opt-images/Y5An8Joc8KIDNSXxa0cBkwtCWvPQ0BHCR0GP4EDH.png',42,'2024-04-17 09:26:39','2024-04-17 09:26:39'),(168,NULL,'D',NULL,42,'2024-04-17 09:26:39','2024-04-17 09:26:39'),(169,NULL,'A','opt-images/ij8ZoLCAux7zcBBuTW27wkoiE8VCKGEFRxoK5MBT.png',43,'2024-04-17 09:54:52','2024-04-17 09:54:52'),(170,NULL,'B','opt-images/i0ruDw4ck1c3f1KgB9jFbLzUwMwotTdbicj5zFW7.png',43,'2024-04-17 09:54:52','2024-04-17 09:54:52'),(171,NULL,'C','opt-images/ImlvIyagwpvMHDMxcBsQA207vspqedxh7vElT8PP.png',43,'2024-04-17 09:54:53','2024-04-17 09:54:53'),(172,NULL,'D',NULL,43,'2024-04-17 09:54:53','2024-04-17 09:54:53'),(173,NULL,'A','opt-images/XRJy5Kdc2FqKXSKGwTgsLtFzMK7kHpPK7zp6asVe.png',44,'2024-04-17 10:11:08','2024-04-17 10:11:08'),(174,NULL,'B','opt-images/dKFkcWg16E9AdekxtcncJBYfpAIjL6WPnQsuBTE4.png',44,'2024-04-17 10:11:08','2024-04-17 10:11:08'),(175,NULL,'C','opt-images/0racrNk6bW4LaQ5a7zuKpXWraZnuNqBHsuQ0nq4P.png',44,'2024-04-17 10:11:08','2024-04-17 10:11:08'),(176,NULL,'D',NULL,44,'2024-04-17 10:11:08','2024-04-17 10:11:08'),(177,NULL,'A','opt-images/wSdDEOSK0datPUqOUcgcCkxHmYDjj8iMkmmX8AX0.png',45,'2024-04-18 01:50:32','2024-04-18 04:44:35'),(178,NULL,'B','opt-images/tnBifNaHbCIh8hTkMbeCKyE1KlT9UhpXJQfSQZra.png',45,'2024-04-18 01:50:32','2024-04-18 04:44:35'),(179,NULL,'C','opt-images/6977H0i4dF349LpGrFtDXjZoN3bDUi5NhO21LhIk.png',45,'2024-04-18 01:50:32','2024-04-18 04:44:35'),(180,NULL,'D',NULL,45,'2024-04-18 01:50:32','2024-04-18 04:44:35'),(181,NULL,'A','opt-images/VmLRrpF9RYd1TqAaHz6p6k3WAaziepmdIlWBjKT0.png',46,'2024-04-18 01:53:21','2024-04-18 01:53:21'),(182,NULL,'B','opt-images/64dXFXywj4JG8qjsfET5PYcJtuNOc18rtFsSAJOm.png',46,'2024-04-18 01:53:21','2024-04-18 01:53:21'),(183,NULL,'C','opt-images/rcBegT5UvRgfKLLm0mlLYFEbcz8cZEUNwqEFMRjM.png',46,'2024-04-18 01:53:21','2024-04-18 01:53:21'),(184,NULL,'D',NULL,46,'2024-04-18 01:53:21','2024-04-18 01:53:21'),(185,NULL,'A','opt-images/3P0IilKTSB7x7JSyMZlPSEXKm8l4xkEk7xWwrBfK.png',47,'2024-04-18 01:57:31','2024-04-18 01:57:31'),(186,NULL,'B','opt-images/SecIlZ644V1JpexJHOjz5nSViqSH191ziWeO6cMQ.png',47,'2024-04-18 01:57:31','2024-04-18 01:57:31'),(187,NULL,'C','opt-images/mETW4v0VoZyeGqW5uCLyGpnK9HGHVP8YrvKQApbW.png',47,'2024-04-18 01:57:31','2024-04-18 01:57:31'),(188,NULL,'D',NULL,47,'2024-04-18 01:57:31','2024-04-18 01:57:31'),(189,NULL,'A','opt-images/DiZGRApUIQjy2OKLZzNssCSEvRPgTr3IUMCpRih2.png',48,'2024-04-18 02:15:19','2024-04-18 04:43:49'),(190,NULL,'B','opt-images/BCLGqXveLrdLbIGhqXKTGp1hUSQJHY2KuXPzb7dQ.png',48,'2024-04-18 02:15:19','2024-04-18 04:43:49'),(191,NULL,'C','opt-images/dEK9Vkyq2NM8GWHnePTs5gbmot9j2lh3Qg7vU2De.png',48,'2024-04-18 02:15:19','2024-04-18 04:43:49'),(192,NULL,'D',NULL,48,'2024-04-18 02:15:19','2024-04-18 04:43:49'),(193,NULL,'A','opt-images/kshQuC29WyegISDTOY5i6ytK1FfzDzLCaTNGgRE7.png',49,'2024-04-18 02:18:32','2024-04-18 04:45:39'),(194,NULL,'B','opt-images/Jba6XD2hi0lEuXIrp2xFQGjsUAVQRT7Yd4wIcO4x.png',49,'2024-04-18 02:18:32','2024-04-18 04:45:39'),(195,NULL,'C','opt-images/1JtKtpuM0GUyzS0oZKCiMhUcUPeamJe2LusfKHgc.png',49,'2024-04-18 02:18:32','2024-04-18 04:45:39'),(196,NULL,'D',NULL,49,'2024-04-18 02:18:32','2024-04-18 04:45:39'),(197,'テレビで見る天気予報が分かります。','A',NULL,50,'2024-04-18 02:40:22','2024-04-18 04:46:45'),(198,'b.	高校を卒業してから、 日本の大学に入ります。','B',NULL,50,'2024-04-18 02:40:22','2024-04-18 04:46:45'),(199,'友達と日本に来られます','C',NULL,50,'2024-04-18 02:40:22','2024-04-18 04:46:45'),(200,NULL,'D',NULL,50,'2024-04-18 02:40:22','2024-04-18 04:46:45'),(201,'ピアノ練習は大変だったからです。','A',NULL,51,'2024-04-18 02:52:11','2024-04-18 02:52:51'),(202,'しょうがくきんがもらったからです','B',NULL,51,'2024-04-18 02:52:11','2024-04-18 02:52:51'),(203,'ピアノが弾けるからです','C',NULL,51,'2024-04-18 02:52:11','2024-04-18 02:52:51'),(204,NULL,'D',NULL,51,'2024-04-18 02:52:11','2024-04-18 02:52:51'),(205,'もう秋になったので、赤い富士山を見たいですから。','A',NULL,52,'2024-04-18 03:01:52','2024-04-18 03:01:52'),(206,'天気がいい時、母は私といっしょに\r\nくらまで行くのが好きですから。','B',NULL,52,'2024-04-18 03:01:52','2024-04-18 03:01:52'),(207,'母は田舎の山や川を見るのが好きですから','C',NULL,52,'2024-04-18 03:01:52','2024-04-18 03:01:52'),(208,NULL,'D',NULL,52,'2024-04-18 03:01:52','2024-04-18 03:01:52'),(209,'花をうえるときご主人をやっています','A',NULL,53,'2024-04-18 03:11:49','2024-04-18 03:11:49'),(210,'近所のにわに花をうえています','B',NULL,53,'2024-04-18 03:11:49','2024-04-18 03:11:49'),(211,'サボテンは姉にもらいました','C',NULL,53,'2024-04-18 03:11:49','2024-04-18 03:11:49'),(212,NULL,'D',NULL,53,'2024-04-18 03:11:49','2024-04-18 03:11:49'),(213,'オンラインじゅぎょうでやります。','A',NULL,54,'2024-04-18 03:23:07','2024-04-18 04:47:38'),(214,'としょかんでやります。','B',NULL,54,'2024-04-18 03:23:07','2024-04-18 04:47:38'),(215,'一人で喫茶店でやります。','C',NULL,54,'2024-04-18 03:23:07','2024-04-18 04:47:38'),(216,NULL,'D',NULL,54,'2024-04-18 03:23:07','2024-04-18 04:47:38'),(217,'としょかんでは 本を 飲む こともある ことです。','A',NULL,55,'2024-04-18 03:26:02','2024-04-18 03:26:02'),(218,'喫茶店は しずかじゃないので、勉強のしゅうちゅうできないことです','B',NULL,55,'2024-04-18 03:26:02','2024-04-18 03:26:02'),(219,'ひまじゃなくても、よく喫茶店でコーヒーを飲むことです。','C',NULL,55,'2024-04-18 03:26:02','2024-04-18 03:26:02'),(220,NULL,'D',NULL,55,'2024-04-18 03:26:02','2024-04-18 03:26:02'),(221,'ロンドンへは働きに行くからです','A',NULL,56,'2024-04-18 03:28:40','2024-04-18 03:28:40'),(222,'ロンドンへホームステイに行くからです。','B',NULL,56,'2024-04-18 03:28:40','2024-04-18 03:28:40'),(223,'ロンドンへ勉強に行くからです。','C',NULL,56,'2024-04-18 03:28:40','2024-04-18 03:28:40'),(224,NULL,'D',NULL,56,'2024-04-18 03:28:40','2024-04-18 03:28:40'),(225,'うき','A',NULL,57,'2024-04-18 03:35:31','2024-04-18 03:35:31'),(226,'はる','B',NULL,57,'2024-04-18 03:35:31','2024-04-18 03:35:31'),(227,'あき','C',NULL,57,'2024-04-18 03:35:31','2024-04-18 03:35:31'),(228,NULL,'D',NULL,57,'2024-04-18 03:35:31','2024-04-18 03:35:31'),(229,'ゴミを分けて出すという  意味です。','A',NULL,58,'2024-04-18 03:45:19','2024-04-18 03:45:19'),(230,'ゴミをリサイクルする という意味です。','B',NULL,58,'2024-04-18 03:45:19','2024-04-18 03:45:19'),(231,'ゴミを無駄にするという意味です。','C',NULL,58,'2024-04-18 03:45:19','2024-04-18 03:45:19'),(232,NULL,'D',NULL,58,'2024-04-18 03:45:19','2024-04-18 03:45:19'),(233,'ゴミがふえていきます。','A',NULL,59,'2024-04-18 03:47:14','2024-04-18 04:48:07'),(234,'ゴミはもう一度をやれば、どうなりますか','B',NULL,59,'2024-04-18 03:47:14','2024-04-18 04:48:08'),(235,'ゴミを分けずに特別な きかいにすてます。','C',NULL,59,'2024-04-18 03:47:14','2024-04-18 04:48:08'),(236,NULL,'D',NULL,59,'2024-04-18 03:47:14','2024-04-18 04:48:08'),(237,'23 日までに ヴィタさんの うちに 行って、勉強会にいくのをかくにんする ことです。','A',NULL,60,'2024-04-18 04:00:27','2024-04-18 04:00:27'),(238,'22 日にヴィタさんにメールで連絡することです。','B',NULL,60,'2024-04-18 04:00:27','2024-04-18 04:00:27'),(239,'友達といっしょに勉強会に行くことです。','C',NULL,60,'2024-04-18 04:00:27','2024-04-18 04:00:27'),(240,NULL,'D',NULL,60,'2024-04-18 04:00:27','2024-04-18 04:00:27'),(241,'a.	食べ物や飲み物は会議室でよういしません。','A',NULL,61,'2024-04-18 04:02:29','2024-04-18 04:48:47'),(242,'勉強会に出られるかどうか、ちょくせつヴィタさんに会わなければなりません。','B',NULL,61,'2024-04-18 04:02:29','2024-04-18 04:48:47'),(243,'友達と勉強会に行ってもかまいません。','C',NULL,61,'2024-04-18 04:02:29','2024-04-18 04:48:47'),(244,NULL,'D',NULL,61,'2024-04-18 04:02:29','2024-04-18 04:48:47'),(245,'インターネットがあるので、店でほしいものを買わなければならないからです。','A',NULL,62,'2024-04-18 04:07:25','2024-04-18 04:07:25'),(246,'コンピューターで便利に買い物できるからです。','B',NULL,62,'2024-04-18 04:07:25','2024-04-18 04:07:25'),(247,'ネットがあれば、どこでも買いたいものがちゅうもんできるからです。','C',NULL,62,'2024-04-18 04:07:25','2024-04-18 04:07:25'),(248,NULL,'D',NULL,62,'2024-04-18 04:07:25','2024-04-18 04:07:25'),(249,'すぐ店の人に聞きに行くことです。','A',NULL,63,'2024-04-18 04:10:30','2024-04-18 04:49:39'),(250,'買い物の ウェッブの ものをさがすとことに物の名前をタイプすることです。','B',NULL,63,'2024-04-18 04:10:30','2024-04-18 04:49:39'),(251,'うちで店員からもらったカタログをよんで、でんわでれんらくすることです。','C',NULL,63,'2024-04-18 04:10:30','2024-04-18 04:49:39'),(252,NULL,'D',NULL,63,'2024-04-18 04:10:30','2024-04-18 04:49:39'),(253,'ネットで買うものはちょくせつさわれないです','A',NULL,64,'2024-04-18 04:12:31','2024-04-18 04:50:01'),(254,'ものを買った後で、ネットでじょうほうを調べます。','B',NULL,64,'2024-04-18 04:12:31','2024-04-18 04:50:01'),(255,'かったひとからのレビューはひつようじゃありません','C',NULL,64,'2024-04-18 04:12:31','2024-04-18 04:50:01'),(256,NULL,'D',NULL,64,'2024-04-18 04:12:31','2024-04-18 04:50:01'),(257,'じゅうにじはん','A',NULL,65,'2024-04-18 05:08:05','2024-04-18 05:08:05'),(258,'じゅうにじ','B',NULL,65,'2024-04-18 05:08:05','2024-04-18 05:08:05'),(259,'じゅうにじじゅうごふん','C',NULL,65,'2024-04-18 05:08:05','2024-04-18 05:08:05'),(260,NULL,'D',NULL,65,'2024-04-18 05:08:05','2024-04-18 05:08:05'),(261,'こうちゃ','A',NULL,66,'2024-04-18 06:57:52','2024-04-18 06:57:52'),(262,'コーヒー','B',NULL,66,'2024-04-18 06:57:52','2024-04-18 06:57:52'),(263,'おちゃ','C',NULL,66,'2024-04-18 06:57:52','2024-04-18 06:57:52'),(264,NULL,'D',NULL,66,'2024-04-18 06:57:52','2024-04-18 06:57:52'),(265,'ゲームをする','A',NULL,67,'2024-04-18 07:01:01','2024-04-18 07:01:01'),(266,'アニメを見る','B',NULL,67,'2024-04-18 07:01:01','2024-04-18 07:01:01'),(267,'マンガを読む','C',NULL,67,'2024-04-18 07:01:01','2024-04-18 07:01:01'),(268,NULL,'D',NULL,67,'2024-04-18 07:01:01','2024-04-18 07:01:01'),(269,'かして','A',NULL,68,'2024-04-18 07:03:42','2024-04-18 07:03:42'),(270,'かす','B',NULL,68,'2024-04-18 07:03:42','2024-04-18 07:03:42'),(271,'かさない','C',NULL,68,'2024-04-18 07:03:42','2024-04-18 07:03:42'),(272,NULL,'D',NULL,68,'2024-04-18 07:03:42','2024-04-18 07:03:42'),(273,'行く','A',NULL,69,'2024-04-18 07:10:19','2024-04-18 07:10:19'),(274,'行きません','B',NULL,69,'2024-04-18 07:10:19','2024-04-18 07:10:19'),(275,'行きませんでした','C',NULL,69,'2024-04-18 07:10:19','2024-04-18 07:10:19'),(276,NULL,'D',NULL,69,'2024-04-18 07:10:19','2024-04-18 07:10:19'),(277,'こんでいて','A',NULL,70,'2024-04-18 07:13:08','2024-04-18 07:13:08'),(278,'こむ','B',NULL,70,'2024-04-18 07:13:08','2024-04-18 07:13:08'),(279,'こみます','C',NULL,70,'2024-04-18 07:13:08','2024-04-18 07:13:08'),(280,NULL,'D',NULL,70,'2024-04-18 07:13:08','2024-04-18 07:13:08'),(281,'にく','A',NULL,71,'2024-04-18 07:17:15','2024-04-18 07:17:15'),(282,'さかな','B',NULL,71,'2024-04-18 07:17:15','2024-04-18 07:17:15'),(283,'うち','C',NULL,71,'2024-04-18 07:17:15','2024-04-18 07:17:15'),(284,NULL,'D',NULL,71,'2024-04-18 07:17:15','2024-04-18 07:17:15'),(285,'おります','A',NULL,72,'2024-04-18 07:24:07','2024-04-18 07:24:07'),(286,'すわります','B',NULL,72,'2024-04-18 07:24:07','2024-04-18 07:24:07'),(287,'のります','C',NULL,72,'2024-04-18 07:24:07','2024-04-18 07:24:07'),(288,NULL,'D',NULL,72,'2024-04-18 07:24:07','2024-04-18 07:24:07'),(289,'かよい','A',NULL,73,'2024-04-18 07:26:09','2024-04-18 07:26:09'),(290,'よてい','B',NULL,73,'2024-04-18 07:26:09','2024-04-18 07:26:09'),(291,'ようじ','C',NULL,73,'2024-04-18 07:26:09','2024-04-18 07:26:09'),(292,NULL,'D',NULL,73,'2024-04-18 07:26:09','2024-04-18 07:26:09'),(293,'さんじゅうまい','A',NULL,74,'2024-04-18 07:32:18','2024-04-18 07:32:18'),(294,'さんじゅうだい','B',NULL,74,'2024-04-18 07:32:18','2024-04-18 07:32:18'),(295,'さんじゅっぷん','C',NULL,74,'2024-04-18 07:32:18','2024-04-18 07:32:18'),(296,NULL,'D',NULL,74,'2024-04-18 07:32:18','2024-04-18 07:32:18'),(297,'上手','A',NULL,75,'2024-04-18 07:34:16','2024-04-18 08:07:03'),(298,'好き','B',NULL,75,'2024-04-18 07:34:16','2024-04-18 08:07:03'),(299,'悪い','C',NULL,75,'2024-04-18 07:34:16','2024-04-18 08:07:03'),(300,NULL,'D',NULL,75,'2024-04-18 07:34:16','2024-04-18 08:07:03'),(301,'上手','A',NULL,76,'2024-04-18 07:37:24','2024-04-18 08:07:28'),(302,'好き','B',NULL,76,'2024-04-18 07:37:24','2024-04-18 08:07:28'),(303,'悪い','C',NULL,76,'2024-04-18 07:37:24','2024-04-18 08:07:28'),(304,NULL,'D',NULL,76,'2024-04-18 07:37:24','2024-04-18 08:07:28'),(305,'みません','A',NULL,77,'2024-04-18 07:46:29','2024-04-18 08:11:59'),(306,'読みません','B',NULL,77,'2024-04-18 07:46:29','2024-04-18 08:11:59'),(307,'食べません','C',NULL,77,'2024-04-18 07:46:29','2024-04-18 08:11:59'),(308,NULL,'D',NULL,77,'2024-04-18 07:46:29','2024-04-18 08:11:59'),(309,'家族','A',NULL,78,'2024-04-18 08:06:29','2024-04-18 08:06:29'),(310,'兄弟','B',NULL,78,'2024-04-18 08:06:29','2024-04-18 08:06:29'),(311,'両親','C',NULL,78,'2024-04-18 08:06:29','2024-04-18 08:06:29'),(312,NULL,'D',NULL,78,'2024-04-18 08:06:29','2024-04-18 08:06:29'),(313,'高校','A',NULL,79,'2024-04-18 10:14:32','2024-04-18 10:14:32'),(314,'勉強','B',NULL,79,'2024-04-18 10:14:32','2024-04-18 10:14:32'),(315,'学校','C',NULL,79,'2024-04-18 10:14:32','2024-04-18 10:14:32'),(316,NULL,'D',NULL,79,'2024-04-18 10:14:32','2024-04-18 10:14:32'),(317,'すわらない','A',NULL,80,'2024-04-19 01:43:52','2024-04-19 02:32:42'),(318,'しない','B',NULL,80,'2024-04-19 01:43:52','2024-04-19 02:32:42'),(319,'すわない','C',NULL,80,'2024-04-19 01:43:52','2024-04-19 02:32:42'),(320,NULL,'D',NULL,80,'2024-04-19 01:43:52','2024-04-19 02:32:42'),(321,'で','A',NULL,81,'2024-04-19 01:45:35','2024-04-19 02:33:03'),(322,'の','B',NULL,81,'2024-04-19 01:45:35','2024-04-19 02:33:03'),(323,'に','C',NULL,81,'2024-04-19 01:45:35','2024-04-19 02:33:03'),(324,NULL,'D',NULL,81,'2024-04-19 01:45:35','2024-04-19 02:33:03'),(325,'飲んだ','A',NULL,82,'2024-04-19 01:47:18','2024-04-19 02:33:12'),(326,'飲み','B',NULL,82,'2024-04-19 01:47:18','2024-04-19 02:33:13'),(327,'飲む','C',NULL,82,'2024-04-19 01:47:18','2024-04-19 02:33:13'),(328,NULL,'D',NULL,82,'2024-04-19 01:47:18','2024-04-19 02:33:13'),(329,'いいです','A',NULL,83,'2024-04-19 01:49:00','2024-04-19 02:33:51'),(330,'しましょう','B',NULL,83,'2024-04-19 01:49:00','2024-04-19 02:33:51'),(331,'あります','C',NULL,83,'2024-04-19 01:49:00','2024-04-19 02:33:51'),(332,NULL,'D',NULL,83,'2024-04-19 01:49:00','2024-04-19 02:33:51'),(333,'あげた','A',NULL,84,'2024-04-19 01:53:29','2024-04-19 02:34:19'),(334,'くれた','B',NULL,84,'2024-04-19 01:53:29','2024-04-19 02:34:19'),(335,'もらった','C',NULL,84,'2024-04-19 01:53:29','2024-04-19 02:34:19'),(336,NULL,'D',NULL,84,'2024-04-19 01:53:29','2024-04-19 02:34:19'),(337,'どうぞ','A',NULL,85,'2024-04-19 01:55:39','2024-04-19 02:34:46'),(338,'元気です','B',NULL,85,'2024-04-19 01:55:39','2024-04-19 02:34:46'),(339,'お願いします','C',NULL,85,'2024-04-19 01:55:39','2024-04-19 02:34:46'),(340,NULL,'D',NULL,85,'2024-04-19 01:55:39','2024-04-19 02:34:46'),(341,'やきとり','A',NULL,86,'2024-04-19 01:57:33','2024-04-19 02:35:18'),(342,'やきゅう','B',NULL,86,'2024-04-19 01:57:33','2024-04-19 02:35:18'),(343,'マンガ','C',NULL,86,'2024-04-19 01:57:33','2024-04-19 02:35:18'),(344,NULL,'D',NULL,86,'2024-04-19 01:57:33','2024-04-19 02:35:18'),(345,'しょっぱかったです。','A',NULL,87,'2024-04-19 02:01:52','2024-04-19 02:35:54'),(346,'むずかしかったです。','B',NULL,87,'2024-04-19 02:01:52','2024-04-19 02:35:54'),(347,'たのしかったです。','C',NULL,87,'2024-04-19 02:01:52','2024-04-19 02:35:54'),(348,NULL,'D',NULL,87,'2024-04-19 02:01:52','2024-04-19 02:35:54'),(349,'ハラルじゃないですよ。','A',NULL,88,'2024-04-19 02:03:46','2024-04-19 02:36:10'),(350,'入ってませんよ。','B',NULL,88,'2024-04-19 02:03:46','2024-04-19 02:36:10'),(351,'使ってますよ。','C',NULL,88,'2024-04-19 02:03:46','2024-04-19 02:36:10'),(352,NULL,'D',NULL,88,'2024-04-19 02:03:46','2024-04-19 02:36:10'),(353,'でもいいですか','A',NULL,89,'2024-04-19 02:13:31','2024-04-19 02:36:58'),(354,'してもいいですか','B',NULL,89,'2024-04-19 02:13:31','2024-04-19 02:36:58'),(355,'行ってもいいですか','C',NULL,89,'2024-04-19 02:13:31','2024-04-19 02:36:58'),(356,NULL,'D',NULL,89,'2024-04-19 02:13:31','2024-04-19 02:36:58'),(357,'たいへんです','A',NULL,90,'2024-04-19 02:16:05','2024-04-19 02:36:19'),(358,'うれしいです','B',NULL,90,'2024-04-19 02:16:05','2024-04-19 02:36:19'),(359,'まあまあです','C',NULL,90,'2024-04-19 02:16:05','2024-04-19 02:36:19'),(360,NULL,'D',NULL,90,'2024-04-19 02:16:05','2024-04-19 02:36:19'),(361,'どうですか','A',NULL,91,'2024-04-19 02:18:09','2024-04-19 02:37:43'),(362,'いいですか','B',NULL,91,'2024-04-19 02:18:09','2024-04-19 02:37:43'),(363,'なんですか','C',NULL,91,'2024-04-19 02:18:09','2024-04-19 02:37:43'),(364,NULL,'D',NULL,91,'2024-04-19 02:18:09','2024-04-19 02:37:43'),(365,'どうすればいいですか','A',NULL,92,'2024-04-19 02:23:28','2024-04-19 02:38:01'),(366,'どうですか','B',NULL,92,'2024-04-19 02:23:28','2024-04-19 02:38:01'),(367,'どうしたんですか','C',NULL,92,'2024-04-19 02:23:28','2024-04-19 02:38:01'),(368,NULL,'D',NULL,92,'2024-04-19 02:23:28','2024-04-19 02:38:01'),(369,NULL,'A','opt-images/37b7qRKXuwaYGP16zX8chG2hGyu3apJrsm6xILBl.png',93,'2024-04-19 02:51:46','2024-04-19 03:07:06'),(370,NULL,'B','opt-images/4qUNpRDHgyoYpPB76Lz8mwILzYhlyNFA7KzwvOeR.png',93,'2024-04-19 02:51:46','2024-04-19 03:07:06'),(371,NULL,'C','opt-images/yfqMHW0pBQvPJSwh549MV2Cv0hYWsh5vMnsAYSB7.png',93,'2024-04-19 02:51:46','2024-04-19 03:07:06'),(372,NULL,'D',NULL,93,'2024-04-19 02:51:46','2024-04-19 03:07:06'),(373,NULL,'A','opt-images/9tHbbn3pdC7t6DpRbeTStWWb4wx2Aot0cORPeP3a.png',94,'2024-04-19 03:31:17','2024-04-19 03:31:17'),(374,NULL,'B','opt-images/bvu5pIgkX9bRrxtraa83UPvWoYFRTqKcaGdh3ECG.png',94,'2024-04-19 03:31:17','2024-04-19 03:31:17'),(375,NULL,'C','opt-images/5Pn10w43osKjdkzp6RUnpdbljNJCJY8WqXou5dHB.png',94,'2024-04-19 03:31:17','2024-04-19 03:31:17'),(376,NULL,'D',NULL,94,'2024-04-19 03:31:17','2024-04-19 03:31:17'),(377,NULL,'A','opt-images/XRD3OyGLQMdHeNgEmHz4yUp4K06JLZ6LRaihcEFU.png',95,'2024-04-19 03:33:33','2024-04-19 03:41:08'),(378,NULL,'B','opt-images/mOljS9xivxfijkMgmXf5VJFjK34jVqxUWQkPweeY.png',95,'2024-04-19 03:33:33','2024-04-19 03:41:08'),(379,NULL,'C','opt-images/JSAjYQyXg4iSmgIgPc3tNqcdEw4lwISKkd7oPIl4.png',95,'2024-04-19 03:33:33','2024-04-19 03:41:08'),(380,NULL,'D',NULL,95,'2024-04-19 03:33:33','2024-04-19 03:41:08'),(381,NULL,'A','opt-images/37nQgIqJ2jl8ZTte5TBwYnedqH1G8OPHOxh4DEHj.png',96,'2024-04-19 04:15:29','2024-04-19 04:15:29'),(382,NULL,'B','opt-images/I4OueGnOWKeiOrLLaSpfqdnNAJjmJgMxCguhpcK3.png',96,'2024-04-19 04:15:29','2024-04-19 04:15:29'),(383,NULL,'C','opt-images/5H8Unhb6JxXKbq5PBGOrvo1odzN4a1Cv8VR6EnLA.png',96,'2024-04-19 04:15:29','2024-04-19 04:15:29'),(384,NULL,'D',NULL,96,'2024-04-19 04:15:29','2024-04-19 04:15:29'),(385,NULL,'A','opt-images/hURqUGtfMw5sq5BzdsrQ38CAg9C9ZufCTTht4VsS.png',97,'2024-04-19 04:18:35','2024-04-19 04:18:35'),(386,NULL,'B','opt-images/vQ52h9m6buK0b21AqjA2Q4pYp1zES6vZ2S541daU.png',97,'2024-04-19 04:18:35','2024-04-19 04:18:35'),(387,NULL,'C','opt-images/L6H9GB1yAtLUxblN1MbYRj2JU9WWjCWyB7ukYEen.png',97,'2024-04-19 04:18:35','2024-04-19 04:18:35'),(388,NULL,'D',NULL,97,'2024-04-19 04:18:35','2024-04-19 04:18:35'),(389,NULL,'A','opt-images/3t8NjzWOcqAD34QO4RkcjfyrlbLgVlIh5TBTyVqu.png',98,'2024-04-19 04:21:40','2024-04-19 04:24:31'),(390,NULL,'B','opt-images/x3tzqkItX4iVElKi0tRo85OnhqK3NiJ7q039YS0E.png',98,'2024-04-19 04:21:40','2024-04-19 04:24:31'),(391,NULL,'C','opt-images/3X6jZpBZeon3SUy4SUSMg4dv9gAC3Z3RoRYDmYZY.png',98,'2024-04-19 04:21:40','2024-04-19 04:24:31'),(392,NULL,'D',NULL,98,'2024-04-19 04:21:40','2024-04-19 04:24:31'),(393,NULL,'A','opt-images/LA8zc2zJUkfIpbLlPdjLYgMrIJGESRgQF4kLdXF9.png',99,'2024-04-19 04:42:05','2024-04-19 04:42:05'),(394,NULL,'B','opt-images/DyUrRY39sasTSaBTDk09fjt1eT1yQr6OakuoECEb.png',99,'2024-04-19 04:42:05','2024-04-19 04:42:05'),(395,NULL,'C','opt-images/yZPf2UaMzOPEscFFpjatDMzsta7OfKSCAKBJEs1z.png',99,'2024-04-19 04:42:05','2024-04-19 04:42:05'),(396,NULL,'D',NULL,99,'2024-04-19 04:42:05','2024-04-19 04:42:05'),(397,NULL,'A','opt-images/gia6FyL8t3rRzILNSyCqVRoYTif7V177sAtCYfF8.png',100,'2024-04-19 06:32:50','2024-04-19 06:39:03'),(398,NULL,'B','opt-images/9SuNY5PiMxV2ht8CdsfutmmEJaNlxMZcL6SeSJvp.png',100,'2024-04-19 06:32:50','2024-04-19 06:39:03'),(399,NULL,'C','opt-images/BVSYHbn5mPH9WTI25E7efdr20zQHXeJHkBKlEsve.png',100,'2024-04-19 06:32:50','2024-04-19 06:39:03'),(400,NULL,'D',NULL,100,'2024-04-19 06:32:50','2024-04-19 06:39:03'),(405,NULL,'A','opt-images/9sbm6FTEuhSF9DgqxoVHssCmxsu5LcWurHNoBJ7y.png',102,'2024-04-19 06:41:04','2024-04-19 06:41:04'),(406,NULL,'B','opt-images/jr1ImhaBFza1v0jokQNIa6iaTqT9y1QXXwEQaA4c.png',102,'2024-04-19 06:41:04','2024-04-19 06:41:04'),(407,NULL,'C','opt-images/jCcpbH0EZ1QdNQA2iDRlcR7MrLxr8P3mu97jrONN.png',102,'2024-04-19 06:41:04','2024-04-19 06:41:04'),(408,NULL,'D',NULL,102,'2024-04-19 06:41:04','2024-04-19 06:41:04'),(409,NULL,'A','opt-images/Y7HbPU6z90L4sJjFUaZcZ43tmv9GkUfPi1z7MD6T.png',103,'2024-04-19 06:42:16','2024-04-19 06:42:16'),(410,NULL,'B','opt-images/QjTJzgLjFK0sovrNi4D2Mkw1UY9SK7Bt9NgYPPjU.png',103,'2024-04-19 06:42:16','2024-04-19 06:42:16'),(411,NULL,'C','opt-images/CfnRc96HMFdWFqTwHfQdQDl2VKP4tTx8zH7qr8e0.png',103,'2024-04-19 06:42:16','2024-04-19 06:42:16'),(412,NULL,'D',NULL,103,'2024-04-19 06:42:16','2024-04-19 06:42:16'),(413,'8 日','A',NULL,104,'2024-04-19 06:44:10','2024-04-19 06:44:10'),(414,'4 日','B',NULL,104,'2024-04-19 06:44:11','2024-04-19 06:44:11'),(415,'7 日','C',NULL,104,'2024-04-19 06:44:11','2024-04-19 06:44:11'),(416,NULL,'D',NULL,104,'2024-04-19 06:44:11','2024-04-19 06:44:11'),(417,NULL,'A','opt-images/NmFMk7Wfq5447pvvUTJuoqu61yMzolq2z2opvihA.png',105,'2024-04-19 06:46:33','2024-04-19 06:46:33'),(418,NULL,'B','opt-images/z2rNHI2Ga0WtH9FkIpRl7RPWI1hibkX7W6fTVJHP.png',105,'2024-04-19 06:46:33','2024-04-19 06:46:33'),(419,NULL,'C','opt-images/m1HWavETNzhxuxKPyTVBJbnloPgmsH3t0T0GTLbR.png',105,'2024-04-19 06:46:33','2024-04-19 06:46:33'),(420,NULL,'D',NULL,105,'2024-04-19 06:46:33','2024-04-19 06:46:33'),(421,NULL,'A','opt-images/Qh8utcLWlE7pWSGLd4CfpFbBeVCoqV6aCIdxG51x.png',106,'2024-04-19 06:57:47','2024-04-19 06:57:47'),(422,NULL,'B','opt-images/LfEoqAtZPUfkzqKlOqQLwaTLbC1URJGZ5VzQGEOx.png',106,'2024-04-19 06:57:47','2024-04-19 06:57:47'),(423,NULL,'C','opt-images/eNqXGurftuUtQiKgWCmn3hz6kNH5NNZzC3VmhaSo.png',106,'2024-04-19 06:57:47','2024-04-19 06:57:47'),(424,NULL,'D',NULL,106,'2024-04-19 06:57:47','2024-04-19 06:57:47'),(425,NULL,'A','opt-images/h7mLf0YHIN8y8Uyhw548h3K9IQJIG9vuYGNjfq58.png',107,'2024-04-19 07:06:11','2024-04-19 07:06:11'),(426,NULL,'B','opt-images/VOzkCyU0EPjYzdhiM6ekwB9pRzvRbnKhsm0EwooS.png',107,'2024-04-19 07:06:11','2024-04-19 07:06:11'),(427,NULL,'C','opt-images/1hzhsqYQAStmKLovWFQLxMjNlwUlAaf5lu6StetP.png',107,'2024-04-19 07:06:11','2024-04-19 07:06:11'),(428,NULL,'D',NULL,107,'2024-04-19 07:06:11','2024-04-19 07:06:11'),(429,NULL,'A','opt-images/EnPtJZVHDch5sD54oy5BwpJGmuaB5HGrHxymywTW.png',108,'2024-04-19 07:09:21','2024-04-19 07:09:21'),(430,NULL,'B','opt-images/1f6JPvlhRaRqEZDUrk2G4VtHEiPiTKV3T6nX8daJ.png',108,'2024-04-19 07:09:21','2024-04-19 07:09:21'),(431,NULL,'C','opt-images/RUgCr3EGoK7SoKUiZ8hnUWlhusW22XbX1EqjiHEu.png',108,'2024-04-19 07:09:21','2024-04-19 07:09:21'),(432,NULL,'D',NULL,108,'2024-04-19 07:09:21','2024-04-19 07:09:21'),(433,'うき','A',NULL,109,'2024-04-19 07:14:31','2024-04-19 07:18:47'),(434,'かんき','B',NULL,109,'2024-04-19 07:14:31','2024-04-19 07:18:47'),(435,'あき','C',NULL,109,'2024-04-19 07:14:31','2024-04-19 07:18:47'),(436,NULL,'D',NULL,109,'2024-04-19 07:14:31','2024-04-19 07:18:47'),(437,'うき','A',NULL,110,'2024-04-19 07:21:25','2024-04-19 07:21:25'),(438,'はる','B',NULL,110,'2024-04-19 07:21:25','2024-04-19 07:21:25'),(439,'あき','C',NULL,110,'2024-04-19 07:21:25','2024-04-19 07:21:25'),(440,NULL,'D',NULL,110,'2024-04-19 07:21:25','2024-04-19 07:21:25'),(441,'おなかをこわしたからです','A',NULL,111,'2024-04-19 07:27:41','2024-04-19 07:27:41'),(442,'けいたいでんわはうちにわすれていましたからです。','B',NULL,111,'2024-04-19 07:27:41','2024-04-19 07:27:41'),(443,'かぜをひいたからです。','C',NULL,111,'2024-04-19 07:27:41','2024-04-19 07:27:41'),(444,NULL,'D',NULL,111,'2024-04-19 07:27:41','2024-04-19 07:27:41'),(445,'しゃちょうにリオさんがまとめたレポートをわたすことです。','A',NULL,112,'2024-04-19 07:37:51','2024-04-19 07:37:51'),(446,'リオさんはにゅういんしないかどうか、すぐリオさんにれんらくすることです。','B',NULL,112,'2024-04-19 07:37:51','2024-04-19 07:37:51'),(447,'上田さんにリオさんの机(つくえ)の上(うえ)にあるレポートをわたすことです。','C',NULL,112,'2024-04-19 07:37:51','2024-04-19 07:37:51'),(448,NULL,'D',NULL,112,'2024-04-19 07:37:51','2024-04-19 07:37:51'),(449,'マナさん','A',NULL,113,'2024-04-19 07:40:15','2024-04-19 07:40:15'),(450,'ようこさん','B',NULL,113,'2024-04-19 07:40:15','2024-04-19 07:40:15'),(451,'男に人','C',NULL,113,'2024-04-19 07:40:15','2024-04-19 07:40:15'),(452,NULL,'D',NULL,113,'2024-04-19 07:40:15','2024-04-19 07:40:15'),(453,'しんさいばし','A',NULL,114,'2024-04-19 07:41:51','2024-04-19 07:41:51'),(454,'大阪','B',NULL,114,'2024-04-19 07:41:51','2024-04-19 07:41:51'),(455,'はしの上','C',NULL,114,'2024-04-19 07:41:51','2024-04-19 07:41:51'),(456,NULL,'D',NULL,114,'2024-04-19 07:41:51','2024-04-19 07:41:51'),(457,'あつかったです。でもちょっとしょっ\r\nぱかったです。','A',NULL,115,'2024-04-19 07:46:49','2024-04-19 07:46:49'),(458,'あつかったです。でもすごくおいしかったです。','B',NULL,115,'2024-04-19 07:46:49','2024-04-19 07:46:49'),(459,'あつかったです。でもとてもまずかったです。','C',NULL,115,'2024-04-19 07:46:49','2024-04-19 07:46:49'),(460,NULL,'D',NULL,115,'2024-04-19 07:46:49','2024-04-19 07:46:49'),(461,'きのしたでねています。','A',NULL,116,'2024-04-19 07:51:29','2024-04-19 07:51:29'),(462,'いぬとさんぽしています。','B',NULL,116,'2024-04-19 07:51:29','2024-04-19 07:51:29'),(463,'大阪じょうを見に行きます。','C',NULL,116,'2024-04-19 07:51:29','2024-04-19 07:51:29'),(464,NULL,'D',NULL,116,'2024-04-19 07:51:29','2024-04-19 07:51:29'),(465,'きのしたでねています。','A',NULL,117,'2024-04-19 07:57:21','2024-04-19 07:57:21'),(466,'いぬとさんぽしています。','B',NULL,117,'2024-04-19 07:57:21','2024-04-19 07:57:21'),(467,'大阪じょうを見に行きます。','C',NULL,117,'2024-04-19 07:57:21','2024-04-19 07:57:21'),(468,NULL,'D',NULL,117,'2024-04-19 07:57:21','2024-04-19 07:57:21'),(469,'きのしたでねています。','A',NULL,118,'2024-04-19 07:57:22','2024-04-19 07:57:22'),(470,'いぬとさんぽしています。','B',NULL,118,'2024-04-19 07:57:22','2024-04-19 07:57:22'),(471,'大阪じょうを見に行きます。','C',NULL,118,'2024-04-19 07:57:22','2024-04-19 07:57:22'),(472,NULL,'D',NULL,118,'2024-04-19 07:57:22','2024-04-19 07:57:22'),(473,'夏本番','A',NULL,119,'2024-04-19 07:59:36','2024-04-19 07:59:36'),(474,'温泉旅行','B',NULL,119,'2024-04-19 07:59:36','2024-04-19 07:59:36'),(475,'資料を入れる','C',NULL,119,'2024-04-19 07:59:36','2024-04-19 07:59:36'),(476,NULL,'D',NULL,119,'2024-04-19 07:59:36','2024-04-19 07:59:36'),(477,'山田さんは今日学校が休みになったと言いました。','A',NULL,120,'2024-04-19 08:03:14','2024-04-19 08:03:14'),(478,'田中さんは今日すごい雨が降っているといいました。','B',NULL,120,'2024-04-19 08:03:14','2024-04-19 08:03:14'),(479,'田中さんは今日台風が来ているといいました。','C',NULL,120,'2024-04-19 08:03:14','2024-04-19 08:03:14'),(480,NULL,'D',NULL,120,'2024-04-19 08:03:14','2024-04-19 08:03:14'),(481,'a.	フィッシュバーガー。\r\nb.	チーズバーガー。\r\nc.	ハンバーガー','A',NULL,121,'2024-04-19 08:09:31','2024-04-19 08:09:31'),(482,'チーズバーガ','B',NULL,121,'2024-04-19 08:09:31','2024-04-19 08:09:31'),(483,'ハンバーガー','C',NULL,121,'2024-04-19 08:09:31','2024-04-19 08:09:31'),(484,NULL,'D',NULL,121,'2024-04-19 08:09:31','2024-04-19 08:09:31'),(485,'てりやきバーガーのセットは\r\n￥610 です。','A',NULL,122,'2024-04-19 08:19:31','2024-04-19 08:19:31'),(486,'ダブルバーガーの単品は￥310 です。','B',NULL,122,'2024-04-19 08:19:31','2024-04-19 08:19:31'),(487,'フライドポテトの L サイズは\r\n￥260 です','C',NULL,122,'2024-04-19 08:19:31','2024-04-19 08:19:31'),(488,NULL,'D',NULL,122,'2024-04-19 08:19:31','2024-04-19 08:19:31'),(489,'コーセンとセキナクナール','A',NULL,123,'2024-04-19 08:21:41','2024-04-19 08:21:41'),(490,'イトトノエとセキナクナール','B',NULL,123,'2024-04-19 08:21:41','2024-04-19 08:21:41'),(491,'イトトノエとヒロゲック','C',NULL,123,'2024-04-19 08:21:41','2024-04-19 08:21:41'),(492,NULL,'D',NULL,123,'2024-04-19 08:21:41','2024-04-19 08:21:41'),(493,'すもう','A',NULL,124,'2024-04-22 10:26:02','2024-04-22 10:26:02'),(494,'からて','B',NULL,124,'2024-04-22 10:26:02','2024-04-22 10:26:02'),(495,'フロレス','C',NULL,124,'2024-04-22 10:26:02','2024-04-22 10:26:02'),(496,NULL,'D',NULL,124,'2024-04-22 10:26:02','2024-04-22 10:26:02'),(497,'たべた','A',NULL,125,'2024-04-22 10:31:18','2024-04-22 10:31:18'),(498,'食べて','B',NULL,125,'2024-04-22 10:31:18','2024-04-22 10:31:18'),(499,'たべに','C',NULL,125,'2024-04-22 10:31:18','2024-04-22 10:31:18'),(500,NULL,'D',NULL,125,'2024-04-22 10:31:18','2024-04-22 10:31:18');
/*!40000 ALTER TABLE `options` ENABLE KEYS */;
UNLOCK TABLES;

--
-- Table structure for table `package_tests`
--

DROP TABLE IF EXISTS `package_tests`;
/*!40101 SET @saved_cs_client     = @@character_set_client */;
/*!50503 SET character_set_client = utf8mb4 */;
CREATE TABLE `package_tests` (
  `id` bigint unsigned NOT NULL AUTO_INCREMENT,
  `package_name` varchar(255) COLLATE utf8mb4_unicode_ci NOT NULL,
  `time_test` int NOT NULL,
  `created_at` timestamp NULL DEFAULT NULL,
  `updated_at` timestamp NULL DEFAULT NULL,
  PRIMARY KEY (`id`)
) ENGINE=InnoDB AUTO_INCREMENT=3 DEFAULT CHARSET=utf8mb4 COLLATE=utf8mb4_unicode_ci;
/*!40101 SET character_set_client = @saved_cs_client */;

--
-- Dumping data for table `package_tests`
--

LOCK TABLES `package_tests` WRITE;
/*!40000 ALTER TABLE `package_tests` DISABLE KEYS */;
INSERT INTO `package_tests` VALUES (1,'Paket A',60,NULL,NULL),(2,'Paket B',60,NULL,NULL);
/*!40000 ALTER TABLE `package_tests` ENABLE KEYS */;
UNLOCK TABLES;

--
-- Table structure for table `password_resets`
--

DROP TABLE IF EXISTS `password_resets`;
/*!40101 SET @saved_cs_client     = @@character_set_client */;
/*!50503 SET character_set_client = utf8mb4 */;
CREATE TABLE `password_resets` (
  `email` varchar(255) COLLATE utf8mb4_unicode_ci NOT NULL,
  `token` varchar(255) COLLATE utf8mb4_unicode_ci NOT NULL,
  `created_at` timestamp NULL DEFAULT NULL,
  KEY `password_resets_email_index` (`email`)
) ENGINE=InnoDB DEFAULT CHARSET=utf8mb4 COLLATE=utf8mb4_unicode_ci;
/*!40101 SET character_set_client = @saved_cs_client */;

--
-- Dumping data for table `password_resets`
--

LOCK TABLES `password_resets` WRITE;
/*!40000 ALTER TABLE `password_resets` DISABLE KEYS */;
/*!40000 ALTER TABLE `password_resets` ENABLE KEYS */;
UNLOCK TABLES;

--
-- Table structure for table `personal_access_tokens`
--

DROP TABLE IF EXISTS `personal_access_tokens`;
/*!40101 SET @saved_cs_client     = @@character_set_client */;
/*!50503 SET character_set_client = utf8mb4 */;
CREATE TABLE `personal_access_tokens` (
  `id` bigint unsigned NOT NULL AUTO_INCREMENT,
  `tokenable_type` varchar(255) COLLATE utf8mb4_unicode_ci NOT NULL,
  `tokenable_id` bigint unsigned NOT NULL,
  `name` varchar(255) COLLATE utf8mb4_unicode_ci NOT NULL,
  `token` varchar(64) COLLATE utf8mb4_unicode_ci NOT NULL,
  `abilities` text COLLATE utf8mb4_unicode_ci,
  `last_used_at` timestamp NULL DEFAULT NULL,
  `created_at` timestamp NULL DEFAULT NULL,
  `updated_at` timestamp NULL DEFAULT NULL,
  PRIMARY KEY (`id`),
  UNIQUE KEY `personal_access_tokens_token_unique` (`token`),
  KEY `personal_access_tokens_tokenable_type_tokenable_id_index` (`tokenable_type`,`tokenable_id`)
) ENGINE=InnoDB DEFAULT CHARSET=utf8mb4 COLLATE=utf8mb4_unicode_ci;
/*!40101 SET character_set_client = @saved_cs_client */;

--
-- Dumping data for table `personal_access_tokens`
--

LOCK TABLES `personal_access_tokens` WRITE;
/*!40000 ALTER TABLE `personal_access_tokens` DISABLE KEYS */;
/*!40000 ALTER TABLE `personal_access_tokens` ENABLE KEYS */;
UNLOCK TABLES;

--
-- Table structure for table `questions`
--

DROP TABLE IF EXISTS `questions`;
/*!40101 SET @saved_cs_client     = @@character_set_client */;
/*!50503 SET character_set_client = utf8mb4 */;
CREATE TABLE `questions` (
  `id` bigint unsigned NOT NULL AUTO_INCREMENT,
  `que_num` varchar(255) COLLATE utf8mb4_unicode_ci NOT NULL,
  `que_content` text COLLATE utf8mb4_unicode_ci NOT NULL,
  `que_content_eng` text COLLATE utf8mb4_unicode_ci,
  `que_content_ind` text COLLATE utf8mb4_unicode_ci,
  `que_audio` varchar(255) COLLATE utf8mb4_unicode_ci DEFAULT NULL,
  `que_img` varchar(255) COLLATE utf8mb4_unicode_ci DEFAULT NULL,
  `que_score` varchar(255) COLLATE utf8mb4_unicode_ci NOT NULL,
  `section_id` bigint unsigned NOT NULL,
  `created_at` timestamp NULL DEFAULT NULL,
  `updated_at` timestamp NULL DEFAULT NULL,
  PRIMARY KEY (`id`),
  KEY `questions_section_id_foreign` (`section_id`),
  CONSTRAINT `questions_section_id_foreign` FOREIGN KEY (`section_id`) REFERENCES `sections` (`id`)
) ENGINE=InnoDB AUTO_INCREMENT=133 DEFAULT CHARSET=utf8mb4 COLLATE=utf8mb4_unicode_ci;
/*!40101 SET character_set_client = @saved_cs_client */;

--
-- Dumping data for table `questions`
--

LOCK TABLES `questions` WRITE;
/*!40000 ALTER TABLE `questions` DISABLE KEYS */;
INSERT INTO `questions` VALUES (1,'1','問題１―語の意味','Look at the illustration and choose the correct word','Perhatikan ilustrasinya dan pilih kata yang tepat',NULL,'que-images/MI91lbnETOTgVTbFdKNp6uCZ6B2j18q5kam4gQ0W.png','3',1,'2024-04-15 06:46:26','2024-04-18 04:35:27'),(2,'2','問題１―語の意味','Look at the illustration and choose the correct word','Perhatikan ilustrasinya dan pilih kata yang tepat',NULL,'que-images/AtRGVD7A5qqQql2L93mNxKsLrQ8T6438GCWkY10A.png','3',1,'2024-04-15 06:51:47','2024-04-15 06:51:47'),(7,'5','すき焼きには、何が（　　　）？','Read the sentence and choose the word that fits in (    ) the most','Baca kalimatnya, pilihlah kata yang paling sesuai dimasukan dalam (      )',NULL,NULL,'3',1,'2024-04-17 02:55:59','2024-04-17 02:55:59'),(8,'6','この料理は（　　　　）子ども食べることができます','Read the sentence and choose the word that fits in (    ) the most','Baca kalimatnya, pilihlah kata yang paling sesuai dimasukan dalam (      )',NULL,NULL,'3',1,'2024-04-17 03:08:16','2024-04-17 03:08:16'),(9,'7','すみません。道に迷って、ちょっと遅れます','How do you write the underlined kanji word in hiragana? choose the correct one','pilihlah bacaan hiragana dari kanji yang digaris bawahi pilihlah yang benar.',NULL,NULL,'3',1,'2024-04-17 03:28:54','2024-04-17 03:28:54'),(10,'8','家はとてもおおきいです。でも、ちょっと古いです','How do you write the underlined kanji word in hiragana? choose the correct one','Pilihlah bacaan hiragana dari kanji yang digaris bawahi pilihlah yang benar.',NULL,NULL,'3',1,'2024-04-17 03:31:38','2024-04-17 03:31:38'),(11,'9','ゴールデンウィークの予定はまだわかりません','How do you write the underlined kanji word in hiragana? choose the correct one','Pilihlah bacaan hiragana dari kanji yang digaris bawahi pilihlah yang benar.',NULL,NULL,'3',1,'2024-04-17 03:41:21','2024-04-17 03:41:21'),(12,'10','私は暑いのが大好きですから、夏がすいきです','How do you write the underlined kanji word in hiragana? choose the correct one','Pilihlah bacaan hiragana dari kanji yang digaris bawahi pilihlah yang benar.',NULL,NULL,'3',1,'2024-04-17 03:43:36','2024-04-17 03:43:36'),(13,'11','日本の＿＿＿にもうなれましたか？','Read the sentence and choose the kanji that _____ the most','Baca kalimatnya, pilihlah kanji yang paling sesuai dimasukan dalam ______',NULL,NULL,'3',1,'2024-04-17 03:59:23','2024-04-17 03:59:23'),(14,'12','たちばな公園は＿＿＿けど、しずかでいいですよ.','Read the sentence and choose the kanji that _____ the most','Baca kalimatnya, pilihlah kanji yang paling sesuai dimasukan dalam ______',NULL,NULL,'3',1,'2024-04-17 04:04:53','2024-04-17 04:04:53'),(15,'13','車で＿＿＿＿よ。家はどのへんですか？','Read the sentence and choose the kanji that _____ the most','Baca kalimatnya, pilihlah kanji yang paling sesuai dimasukan dalam ______',NULL,NULL,'3',1,'2024-04-17 04:16:32','2024-04-17 04:16:32'),(16,'14','富士山に＿＿＿＿ことがありますか？','Read the sentence and choose the kanji that _____ the most','Baca kalimatnya, pilihlah kanji yang paling sesuai dimasukan dalam ______',NULL,NULL,'3',1,'2024-04-17 04:19:02','2024-04-17 04:19:02'),(17,'15','道具はこちらで＿＿＿＿。','Read the sentence and choose the kanji that _____ the most','Baca kalimatnya, pilihlah kanji yang paling sesuai dimasukan dalam ______',NULL,NULL,'3',1,'2024-04-17 04:23:28','2024-04-17 04:23:28'),(25,'16','しゅくだいを	しまいました。','Read the sentence and choose the word that fits in  (    ) the most','Baca kalimatnya, pilihlah kata yang paling sesuai dimasukan dalam (      )',NULL,NULL,'4',2,'2024-04-17 06:59:25','2024-04-17 06:59:25'),(26,'17','A：あのう、フリーマーケットをやっていると聞(き)いたんですが…。 \r\nB：今日は、	おわりましたよ。','Read the sentence and choose the word that fits in  (    ) the most','Baca kalimatnya, pilihlah kata yang paling sesuai dimasukan dalam (      )',NULL,NULL,'4',2,'2024-04-17 07:01:33','2024-04-17 07:01:33'),(27,'18','明日、やくしょに______なりません。','Read the sentence and choose the word that fits in  (    ) the most','Baca kalimatnya, pilihlah kata yang paling sesuai dimasukan dalam (      )',NULL,NULL,'4',2,'2024-04-17 07:10:36','2024-04-17 07:10:36'),(28,'19','みちが_______、ぜんぜん動きません。','Read the sentence and choose the word that fits in  (    ) the most','Baca kalimatnya, pilihlah kata yang paling sesuai dimasukan dalam (      )',NULL,NULL,'4',2,'2024-04-17 07:13:35','2024-04-17 07:13:35'),(29,'20','びょういんにいきます。＿＿＿、少し遅れます。','Read the sentence and choose the word that fits in  (    ) the most','Baca kalimatnya, pilihlah kata yang paling sesuai dimasukan dalam (      )',NULL,NULL,'4',2,'2024-04-17 07:15:45','2024-04-17 07:15:45'),(30,'21','21.	A : ここはちょっと暑いですね。\r\nB : そうですね。まどを（	）か。\r\nA : ええ。お願いします。','Read the sentence and choose the word that fits in  (    ) the most','Baca kalimatnya, pilihlah kata yang paling sesuai dimasukan dalam (      )',NULL,NULL,'4',2,'2024-04-17 07:22:08','2024-04-17 07:22:08'),(31,'22','A: このじしょ、どうしますか。\r\nB: 使(つか)ったら、としょかんに（	）くださいね。\r\nA: はい、分かりました。','Read the sentence and choose the word that fits in  (    ) the most','Baca kalimatnya, pilihlah kata yang paling sesuai dimasukan dalam (      )',NULL,NULL,'4',2,'2024-04-17 07:25:18','2024-04-17 07:25:18'),(32,'23','A: 日本に、もう慣(な)れましたか？\r\nB: はい。＿＿＿＿。','Read the sentence and choose the word that fits in  (    ) the most','Baca kalimatnya, pilihlah kata yang paling sesuai dimasukan dalam (      )',NULL,NULL,'4',2,'2024-04-17 07:35:56','2024-04-17 07:35:56'),(33,'24','A : しゅみは何ですか？\r\nB: うーん、＿＿＿＿＿。\r\n家でごろごろするのが好きです。','Read the sentence and choose the word that fits in  (    ) the most','Baca kalimatnya, pilihlah kata yang paling sesuai dimasukan dalam (      )',NULL,NULL,'4',2,'2024-04-17 07:38:01','2024-04-17 07:38:01'),(34,'25','A：アニさん、＿＿＿＿。\r\nB： ありがとうございます。\r\n　　きこくしても、みなさんのこと、\r\n　　わすれません。','Read the sentence and choose the word that fits in  (    ) the most','Baca kalimatnya, pilihlah kata yang paling sesuai dimasukan dalam (      )',NULL,NULL,'4',2,'2024-04-17 07:40:20','2024-04-17 07:40:20'),(35,'26','A: これ、何ですか？\r\nB: トゥロン ＿＿＿＿。\r\nフィリピンのおかしです。','Read the sentence and choose the word that fits in  (    ) the most','Baca kalimatnya, pilihlah kata yang paling sesuai dimasukan dalam (      )',NULL,NULL,'4',2,'2024-04-17 07:52:06','2024-04-17 07:52:06'),(36,'27','A：私のくには、―年中夏(ねんじゅうなつ)です。\r\n　  ずっと暑いです。\r\nB : ＿＿＿＿＿。それはたいへんですね。','Read the sentence and choose the word that fits in  (    ) the most','Baca kalimatnya, pilihlah kata yang paling sesuai dimasukan dalam (      )',NULL,NULL,'4',2,'2024-04-17 07:57:21','2024-04-17 07:57:21'),(37,'28','A : 最近(さいきん)よくねむれなくて、体(からだ)がだるいんです。\r\nB : ＿＿＿＿＿＿＿＿。','Read the sentence and choose the word that fits in  (    ) the most','Baca kalimatnya, pilihlah kata yang paling sesuai dimasukan dalam (      )',NULL,NULL,'4',2,'2024-04-17 08:00:14','2024-04-17 08:00:14'),(38,'29','A: 田中さん、＿＿＿？具合(ぐあい)がわるそ うですね。\r\nB: 花粉症(かふんしょう)で、くしゃみが止(と)まらないんです。','Read the sentence and choose the word that fits in  (    ) the most','Baca kalimatnya, pilihlah kata yang paling sesuai dimasukan dalam (      )',NULL,NULL,'4',2,'2024-04-17 08:01:57','2024-04-17 08:01:57'),(39,'30','30.	A : 元(げん)気(き)がなさそうですね。（  ）\r\n B: 最(さい)近(きん)働(はたら)きすぎるので、疲れやすくなりました。\r\nA :けんこうは大事ですね。体を大切にしましょう。','Read the sentence and choose the word that fits in  (    ) the most','Baca kalimatnya, pilihlah kata yang paling sesuai dimasukan dalam (      )',NULL,NULL,'4',2,'2024-04-17 08:10:27','2024-04-17 08:10:27'),(40,'31','どこで買えますか？',NULL,NULL,'que-audios/sXZKiHTlxzWdcFSXCWPLlmdyWnHxji2dUstM6Op2.mp3',NULL,'4',3,'2024-04-17 08:38:26','2024-04-17 08:38:26'),(41,'32','どんな指示でしたか?',NULL,NULL,'que-audios/RflIySgCcwdmkFUykQu1wQ2peVnZljSUSLSzI53Q.mp3',NULL,'4',3,'2024-04-17 08:48:50','2024-04-17 08:48:50'),(42,'33','何にさそいましか？',NULL,NULL,'que-audios/rOk3rlDso6dGEieYDNKoO86Sz7m48UtOCeawnWjh.mp3',NULL,'4',3,'2024-04-17 09:04:04','2024-04-17 09:04:04'),(43,'34','仕事は何ですか？',NULL,NULL,'que-audios/BYjLzN0SFHUpQSoXgocJmZ5hmN0upA8uyKUYvOAH.mp3',NULL,'4',3,'2024-04-17 09:06:29','2024-04-17 09:06:29'),(44,'35','何を買いますか？',NULL,NULL,'que-audios/oagIEw8wscbnxgUWukWUqJwqZQGWFqrpXIJ8lOzx.mp3',NULL,'4',3,'2024-04-17 09:09:49','2024-04-17 09:09:49'),(45,'36','郵便局(ゆうびんきょく)はどう行ったらいいですか？',NULL,NULL,'que-audios/1NtyW8swwK6IQaGIb97b0EDsfDzj6mPksrAHQvHa.mp3','que-images/SNf2SNDN7KagFLKWtJRirersGr2WOSZIiESMok7n.png','4',3,'2024-04-17 09:15:27','2024-04-17 09:15:27'),(46,'37','どんな天気ですか？',NULL,NULL,'que-audios/LGgbv4iGNjOGoFGkFemBBfQXyTPcB7IIMmpFq6JS.mp3',NULL,'4',3,'2024-04-17 09:19:48','2024-04-17 09:19:48'),(47,'38','好きなことは何ですか？',NULL,NULL,'que-audios/zUV3txbuE6FX0tfMEojO3LV9Pv6Rgz2lbQJLXbIN.mp3',NULL,'4',3,'2024-04-17 09:26:39','2024-04-17 09:26:39'),(48,'39','どこで日本語を勉強しましたか？',NULL,NULL,'que-audios/tMHdoOIK5SzLeo5vbpTWq5yltPLyUNSGdxXL30br.mp3',NULL,'4',3,'2024-04-17 09:54:52','2024-04-17 09:54:52'),(49,'40','りゆうは何ですか？',NULL,NULL,'que-audios/q5XudS8JN6rQGLPP73tUHelEq54pNJi2Qbh7W6Iy.mp3',NULL,'4',3,'2024-04-17 10:11:08','2024-04-17 10:11:08'),(50,'41','どんな許可をもとめましたか？',NULL,NULL,'que-audios/CQnO3kTbC2ZRjS7XjC7cQK8Zw3ME9QKZdF2FvQKW.mp3',NULL,'4',3,'2024-04-18 01:50:32','2024-04-18 01:50:32'),(51,'42','何のおいわいですか?',NULL,NULL,'que-audios/Y9p31F8fgbeZGTGN3VyQbkAYiRSLPqKzEYZTMi5i.mp3',NULL,'4',3,'2024-04-18 01:53:21','2024-04-18 01:53:21'),(52,'43','どこに行きますか？',NULL,NULL,'que-audios/iiU3dCGXeZ0DAiEtjqVmOhN6hqDaZr75NHsgV8Bk.mp3',NULL,'4',3,'2024-04-18 01:57:31','2024-04-18 01:57:31'),(53,'44','どんな家に住んでいますか？',NULL,NULL,'que-audios/N1VtxaTOFFG6NEzyEe02FXNhEOsDc1mq8VDzPJd3.mp3',NULL,'4',3,'2024-04-18 02:15:19','2024-04-18 02:15:19'),(54,'45','どんなしゅるいの家に住んでいますか?',NULL,NULL,'que-audios/7JaKAEsXvusW818xpqk4rHTYxiqYJGVkR5gM32dz.mp3',NULL,'4',3,'2024-04-18 02:18:32','2024-04-18 02:18:32'),(55,'46','日本に 来たとき、私は日本語がぜんぜん分かりませんでした。それで、日本語が  できるように、月曜日 から金曜日まで日本語の学校に通(かよ)っています。もう一年間(いちねんかん)ぐらい勉強(べんきょう)しています。今はテレビの天気予報(てんきよほう)が理解(りかい)できるようになりました。日本人の友達(ともだち)と電話(でんわ)で話すこともできます。来年は大学(だいがく)に入るつもりなので、これから一生懸命(いっしょうけんめい) 日本語を勉強(べんきょう)するようにします。\r\n \r\n\r\n質問：１年間で日本語を勉強しているので、私は何ができましたか？','answer questions',NULL,NULL,'que-images/9JRy7m4HR5atqxAcu6IuS7A5kj2d2o1Tk5j2Kzac.png','5',4,'2024-04-18 02:32:34','2024-04-18 02:32:34'),(56,'46','日本に 来たとき、私は日本語がぜんぜん分かりませんでした。それで、日本語が  できるように、月曜日 から金曜日まで日本語の学校に通っています。もう一年間ぐらい勉強しています。今はテレビの天気予報が理解できるようになりました。日本人の友達と電話で話すこともできます。来年は大学に入るつもりなので、これから一生懸命 日本語を勉強するようにします。\r\n\r\n\r\n質問：１年間で日本語を勉強しているので、私は何ができましたか？','answer question!','jawablah pertanyaan!',NULL,'que-images/27ASFBYdoug20JJXZA7Cdmteo3zP86353vftGJWK.png','5',4,'2024-04-18 02:40:22','2024-04-18 02:40:22'),(57,'47','皆さんは、ピアノが好きですか。子供のこれからピアノにきょうみがあって、母は私をピアノクラスにかよわせました。そのときは、一年間に 3 回ピアノクラスに通わなければ なりませんでした。ちょっと大変でしたが、楽しかったです。学校の先生は「ピアノが ひけると、ほかのがっきでもひけやすくなりますよ」と言っていました。\r\n\r\n高校生までも、ピアノだけじゃなくて、ギターも練習しています。学校を卒業してから、ドイツから音楽のしょうがくきんをもらいました。\r\n\r\n\r\n質問：私はどうしてほかのがっきが早く弾けるようになりましたか？',NULL,NULL,NULL,'que-images/xkOe6L1x2Z4SVMJxf5fZyH9WWV3DMCRIv8rJQfQ6.png','5',4,'2024-04-18 02:52:11','2024-04-18 02:52:51'),(58,'48','皆さんは週末のとき、何をしていますか。私は週末のときはいつも母とドライブに行っています。母はしぜんが好きですから、よく田舎までドライブに行きま す。ときどき田舎(いなか)のレストランで食べたりかんこうちに行ったりすることもあります。天気(てんき)がよかったら、来週は箱根スカイラインへドライブに行こうと思っています。もう秋になりましたから、赤い富士山を見たいです.\r\n\r\n\r\n質問：どうして週末(しゅうまつ)のときいつもドライブをしていますか。',NULL,NULL,NULL,'que-images/vc6nba2fkUFqGHJrESjntahr0lhnroBSPGmqjZKF.png','5',4,'2024-04-18 03:01:52','2024-04-18 03:01:52'),(59,'49','私は夫といっしょに、自分のにわにたくさ んの花をうえました。バラやアジサイやひ  まわりなどがうえて あります。最初 は姉がサボテンをくれました。サボテンは小さくて、上(うえ)に花(はな)があります。そこから、花をうえるのが好きになります。ひまわりの花が好きですから、夏のときうえてみました。ひまわりが大きくさいているとき、うれしかったです。近所の人もきれいな花をみれば、気分がよくなると 思います。じゃ、つぎは何をうえましょうか。\r\n\r\nこの人がしていないことはどれですか？',NULL,NULL,NULL,NULL,'5',4,'2024-04-18 03:06:27','2024-04-18 03:06:27'),(60,'49','私は夫といっしょに、自分のにわにたくさ んの花をうえました。バラやアジサイやひ  まわりなどがうえて あります。最初は姉がサボテンをくれました。サボテンは小さくて、上(うえ)に花(はな)があります。そこから、花をうえるのが好きになります。ひまわりの花が好きですから、夏のときうえてみました。ひまわりが大きくさいているとき、うれしかったです。近所の人もきれいな花をみれば、気分がよくなると 思います。じゃ、つぎは何をうえましょうか。\r\n\r\nこの人がしていないことはどれですか？','answer question!','jawablah pertanyaan berikut!',NULL,NULL,'5',4,'2024-04-18 03:11:49','2024-04-18 03:11:49'),(61,'50','ロンドンへ留学に行くつもりですから、去 年から英語( を勉強し始めました。自分で勉強するのはちょっと難しいですから、オンライン授業を受けています。宿題があれば図書館でやります。喫茶店で勉強する人もいますが、私は喫茶店で勉強するのがちょっと好きじゃないんです。なぜなら、まわりが うるさくてしゅうちゅうできません。図書館に いる間に、宿題をやったり、好きな本を読んだりします。たまに喫茶店でも本を読みます。\r\n \r\nコーヒーを飲みながら、小説を読んでいます。暇なとき、コーヒーを飲みながら、喫茶店のふんいきを楽しむのが大好きです。\r\n\r\n宿題があればどうしますか？',NULL,NULL,NULL,NULL,'5',4,'2024-04-18 03:23:07','2024-04-18 03:23:07'),(62,'51','ロンドンへ留学に行くつもりですから、去 年から英語( を勉強し始めました。自分で勉強するのはちょっと難しいですから、オンライン授業を受けています。宿題があれば図書館でやります。喫茶店で勉強する人もいますが、私は喫茶店で勉強するのがちょっと好きじゃないんです。なぜなら、まわりが うるさくてしゅうちゅうできません。図書館に いる間に、宿題をやったり、好きな本を読んだりします。たまに喫茶店でも本を読みます。\r\n \r\nコーヒーを飲みながら、小説を読んでいます。暇なとき、コーヒーを飲みながら、喫茶店のふんいきを楽しむのが大好きです。\r\n\r\nこの人が	していないのは	どれですか？',NULL,NULL,NULL,NULL,'6',4,'2024-04-18 03:26:02','2024-04-18 03:26:02'),(63,'52','ロンドンへ留学に行くつもりですから、去 年から英語( を勉強し始めました。自分で勉強するのはちょっと難しいですから、オンライン授業を受けています。宿題があれば図書館でやります。喫茶店で勉強する人もいますが、私は喫茶店で勉強するのがちょっと好きじゃないんです。なぜなら、まわりが うるさくてしゅうちゅうできません。図書館に いる間に、宿題をやったり、好きな本を読んだりします。たまに喫茶店でも本を読みます。\r\n \r\nコーヒーを飲みながら、小説を読んでいます。暇なとき、コーヒーを飲みながら、喫茶店のふんいきを楽しむのが大好きです。\r\n\r\nどうして英語を習い始めましたか?',NULL,NULL,NULL,NULL,'6',4,'2024-04-18 03:28:40','2024-04-18 03:28:40'),(64,'53','インドネシアにはきせつが二つありますが、日本には四つあります。インドネシアのき せつはうきとかんきがあります。かんきより うきのほうが好きです。今はもう 1 年日本にすんでいますから、大好きなきせつがかわったと思っています。それは こうようのきせつです。毎日( 涼しいし、けしきもきれいだし、このきせつの食べ物もおいしいです。ときどき 雨が降っても、ずっと好きです。\r\n\r\n\r\n私は日本に来てから、どんなきせつが好きになりましたか。',NULL,NULL,NULL,NULL,'6',4,'2024-04-18 03:35:31','2024-04-18 03:35:31'),(65,'54','新聞を読んだら、「ゴミをもう一度」という 記事がありました。コミは もえるゴミと もえない ゴミにわけて出しますが、もえるゴミはもっと いろいろな かたちに分(わ)けて出(だ)しそうです。例(たと)えば、紙(かみ)やビニールや料理のときに出る ゴミなどです。その中で料理をしたときに出たゴミや食べられなくて のこしたものを 集めて特別なきかいにいれます。そして、二週間ぐらい後で 見てみると、ゴミが土にかわっているのです。\r\n\r\nゴミが 土になることを知って、私はとて も びっくりしました。でも、そうすれば、ゴミもへるし、ゴミから できた土を 使うこともできるので、とてもいいと思います。\r\n\r\n「ゴミをもう一度」は	どういう意味ですか？',NULL,NULL,NULL,NULL,'6',4,'2024-04-18 03:45:19','2024-04-18 03:45:19'),(66,'55','新聞を読んだら、「ゴミをもう一度」という 記事がありました。コミは もえるゴミと もえない ゴミにわけて出しますが、もえるゴミはもっと いろいろな かたちに分(わ)けて出(だ)しそうです。例(たと)えば、紙(かみ)やビニールや料理のときに出る ゴミなどです。その中で料理をしたときに出たゴミや食べられなくて のこしたものを 集めて特別なきかいにいれます。そして、二週間ぐらい後で 見てみると、ゴミが土にかわっているのです。\r\n\r\nゴミが 土になることを知って、私はとて も びっくりしました。でも、そうすれば、ゴミもへるし、ゴミから できた土を 使うこともできるので、とてもいいと思います。\r\n\r\n\r\n「ゴミをもう一度」をやれば、どうなりますか？',NULL,NULL,NULL,NULL,'6',4,'2024-04-18 03:47:14','2024-04-18 03:47:14'),(67,'56','勉強会に行きたいとき、どうすればいいですか？',NULL,NULL,NULL,'que-images/1qnNMnGBvQkXPUhyoy9aLwivMBLoK2wZyydgHFng.jpg','6',4,'2024-04-18 04:00:27','2024-04-18 04:00:27'),(68,'57','ただしくないものはどれですか。',NULL,NULL,NULL,'que-images/6OsSacNqK9cn9b68ElHlC8N2JyzuCCxgU1ylqfGm.jpg','6',4,'2024-04-18 04:02:29','2024-04-18 04:02:29'),(69,'58','最近はお店やデパートに行って、物を買うだけではなく、うちでも インターネットで買い物ができます。なぜなら、インターネットではほしいものが 早く けんさくできるからです。お店に行く場合はそこにほしいものがあるかどうかわかりません。例えば青いセーターを買おうと思っていても。店ではこの色がうっていないことがあります。がっかりですね。\r\nでも、インターネットでは「青いセーター」をけんさくのところににゅうりょうぅしれ ば、青いセーターがいろりろなおみせから みられて、選べます。\r\nそれから、買ったものをうちまでとどけて くれますよ。でも、インターネットで買うとしょうひんは本当にいいかどうか、分かりません。ちょくせつしょうひんをさわったり、見たりすることができないからです。ですから、かうまえにしょうひんについてのじょうほうを調べたり、ほかのお客さんのレビューをよんだりしておいたほうがい いです。\r\n\r\n\r\n今はどうしてうちでもものが買えるようになりましたか？',NULL,NULL,NULL,NULL,'6',4,'2024-04-18 04:07:25','2024-04-18 04:07:25'),(70,'59','最近はお店やデパートに行って、物を買うだけではなく、うちでも インターネットで買い物ができます。なぜなら、インターネットではほしいものが 早く けんさくできるからです。お店に行く場合はそこにほしいものがあるかどうかわかりません。例えば青いセーターを買おうと思っていても。店ではこの色がうっていないことがあります。がっかりですね。\r\nでも、インターネットでは「青いセーター」をけんさくのところににゅうりょうぅしれ ば、青いセーターがいろりろなおみせから みられて、選べます。\r\nそれから、買ったものをうちまでとどけて くれますよ。でも、インターネットで買うとしょうひんは本当にいいかどうか、分かりません。ちょくせつしょうひんをさわったり、見たりすることができないからです。ですから、かうまえにしょうひんについてのじょうほうを調べたり、ほかのお客さんのレビューをよんだりしておいたほうがい いです。\r\n\r\n\r\nインターネットで買いたいものをかうとき、まず何をしなければなりませんか。',NULL,NULL,NULL,NULL,'6',4,'2024-04-18 04:10:30','2024-04-18 04:10:30'),(71,'60','最近はお店やデパートに行って、物を買うだけではなく、うちでも インターネットで買い物ができます。なぜなら、インターネットではほしいものが 早く けんさくできるからです。お店に行く場合はそこにほしいものがあるかどうかわかりません。例えば青いセーターを買おうと思っていても。店ではこの色がうっていないことがあります。がっかりですね。\r\nでも、インターネットでは「青いセーター」をけんさくのところににゅうりょうぅしれ ば、青いセーターがいろりろなおみせから みられて、選べます。\r\nそれから、買ったものをうちまでとどけて くれますよ。でも、インターネットで買うとしょうひんは本当にいいかどうか、分かりません。ちょくせつしょうひんをさわったり、見たりすることができないからです。ですから、かうまえにしょうひんについてのじょうほうを調べたり、ほかのお客さんのレビューをよんだりしておいたほうがい いです。\r\n\r\n\r\n正しいものはどれですか。',NULL,NULL,NULL,NULL,'6',4,'2024-04-18 04:12:31','2024-04-18 04:12:31'),(72,'1','問題１―語の意味','Look at the illustration and choose the correct word','Perhatikan ilustrasinya dan pilih kata yang tepat',NULL,'que-images/avgHLJgs9Mg2ZZGjuqhTJdwSohV1iBQNzaNyjWmI.png','3',5,'2024-04-18 05:08:05','2024-04-18 05:08:05'),(73,'2','問題１―語の意味','Look at the illustration and choose the correct word','Perhatikan ilustrasinya dan pilih kata yang tepat',NULL,'que-images/9FP1t2k68DKl4dY3Ylh1UqmvUebk07HFpHH4LTBF.png','3',5,'2024-04-18 06:57:52','2024-04-18 06:57:52'),(74,'3','問題１―語の意味','Look at the illustration and choose the correct word','Perhatikan ilustrasinya dan pilih kata yang tepat',NULL,'que-images/dNtM4jPvW5iVg8fSp3rO02nraRLD3tKZUfE3FWWO.png','3',5,'2024-04-18 07:01:01','2024-04-18 07:01:01'),(75,'4','ホチキス、（	）ください','Read the sentence and choose the word that fits in  (    ) the most','Baca kalimatnya, pilihlah kata yang paling sesuai dimasukan dalam (      )',NULL,NULL,'3',5,'2024-04-18 07:03:42','2024-04-18 07:03:42'),(76,'5','A : どこにいきましたか？\r\nB : わたしはどこも（	）。','Read the sentence and choose the word that fits in  (    ) the most','Baca kalimatnya, pilihlah kata yang paling sesuai dimasukan dalam (      )',NULL,NULL,'3',5,'2024-04-18 07:10:19','2024-04-18 07:10:19'),(77,'6','みちが（	   ）、ぜんぜんうごきません。','Read the sentence and choose the word that fits in  (    ) the most','Baca kalimatnya, pilihlah kata yang paling sesuai dimasukan dalam (      )',NULL,NULL,'3',5,'2024-04-18 07:13:08','2024-04-18 07:13:08'),(78,'7','Ａ： 何 にしますか？\r\nＢ： 私 は、 肉にします。。。','How do you write the underlined kanji word in hiragana? choose the correct one','Pilihlah bacaan hiragana dari kanji yang digaris bawahi pilihlah yang benar.',NULL,NULL,'3',5,'2024-04-18 07:17:15','2024-04-18 07:17:15'),(79,'8','東しんじゅくから南うらたまで、 電車 に\r\n乗ります。','How do you write the underlined kanji word in hiragana? choose the correct one','Pilihlah bacaan hiragana dari kanji yang digaris bawahi pilihlah yang benar.',NULL,NULL,'3',5,'2024-04-18 07:24:07','2024-04-18 07:24:07'),(80,'9','来週の連休 、 予定はありますか？','How do you write the underlined kanji word in hiragana? choose the correct one','Pilihlah bacaan hiragana dari kanji yang digaris bawahi pilihlah yang benar.',NULL,NULL,'3',5,'2024-04-18 07:26:09','2024-04-18 07:26:09'),(81,'10','コピー、 30 枚お願します。','How do you write the underlined kanji word in hiragana? choose the correct one','Pilihlah bacaan hiragana dari kanji yang digaris bawahi pilihlah yang benar.',NULL,NULL,'3',5,'2024-04-18 07:32:17','2024-04-18 07:32:17'),(82,'11','日本の食べ物は何が＿＿ですか？','Read the sentence and choose the kanji that _____ the most','Baca dan pilihlah kanji yang paling sesuai untuk melengkapi kalimat tersebut',NULL,NULL,'3',5,'2024-04-18 07:34:16','2024-04-18 08:07:03'),(83,'12','日本の食べ物は何が＿＿ですか？','Read the sentence and choose the kanji that _____ the most','Baca dan pilihlah kanji yang paling sesuai untuk melengkapi kalimat tersebut',NULL,NULL,'3',5,'2024-04-18 07:37:24','2024-04-18 08:07:28'),(84,'13','テレビは、あまり______。','Read the sentence and choose the kanji that _____ the most	\r\n\r\nx','Baca dan pilihlah kanji yang paling sesuai untuk melengkapi kalimat tersebut',NULL,NULL,'3',5,'2024-04-18 07:46:29','2024-04-18 08:11:59'),(85,'14','＿＿は四人います。父と母と兄と私です。','Read the sentence and choose the kanji that _____ the most','Baca dan pilihlah kanji yang paling sesuai untuk melengkapi kalimat tersebut',NULL,NULL,'3',5,'2024-04-18 08:06:29','2024-04-18 08:06:29'),(86,'15','日本語_______はどうでしたか？','Read the sentence and choose the kanji that _____ the most','Baca dan pilihlah kanji yang paling sesuai untuk melengkapi kalimat tersebut',NULL,NULL,'3',5,'2024-04-18 10:14:32','2024-04-18 10:14:32'),(87,'16','ここでたばこを_______でください。','Read the sentence and choose the word that fits in ______the most','Baca kalimatnya, pilihlah kata yang paling sesuai untuk melengkapi kata yang bergaris bawah!',NULL,NULL,'4',6,'2024-04-19 01:43:52','2024-04-19 02:32:42'),(88,'17','A：今、どこにいますか？ \r\nB：改札＿前です。','Read the sentence and choose the word that fits in ______the most','Baca kalimatnya, pilihlah kata yang paling sesuai untuk melengkapi kata yang bergaris bawah!',NULL,NULL,'4',6,'2024-04-19 01:45:34','2024-04-19 02:33:03'),(89,'18','ゆりさんは昨日コーヒーを______すぎました。','Read the sentence and choose the word that fits in ______the most','Baca kalimatnya, pilihlah kata yang paling sesuai untuk melengkapi kata yang bergaris bawah!',NULL,NULL,'4',6,'2024-04-19 01:47:18','2024-04-19 02:33:12'),(90,'20','A : 飲み物は何がいいですか？\r\nB :じゃあ、おちゃが_____。','Read the sentence and choose the word that fits in ______the most','Baca kalimatnya, pilihlah kata yang paling sesuai untuk melengkapi kata yang bergaris bawah!',NULL,NULL,'4',6,'2024-04-19 01:49:00','2024-04-19 02:33:51'),(91,'22','A:かわいいマグカップですね。\r\nB: ええ、母に	んです。\r\nA: そうですか。','Read the sentence and choose the word that fits in ______the most','Baca kalimatnya, pilihlah kata yang paling sesuai untuk melengkapi kata yang bergaris bawah!',NULL,NULL,'4',6,'2024-04-19 01:53:29','2024-04-19 02:34:19'),(92,'23','A: ミラーさん、元気？\r\nB: はい。＿＿＿＿。','Read the sentence and choose the word that fits in ______the most','Baca kalimatnya, pilihlah kata yang paling sesuai untuk melengkapi kata yang bergaris bawah!',NULL,NULL,'4',6,'2024-04-19 01:55:39','2024-04-19 02:34:45'),(93,'24','A : スポーツ、何が好きですか？\r\nB: 私は_______がすきです。','Read the sentence and choose the word that fits in ______the most','Baca kalimatnya, pilihlah kata yang paling sesuai untuk melengkapi kata yang bergaris bawah!',NULL,NULL,'4',6,'2024-04-19 01:57:33','2024-04-19 02:35:18'),(94,'25','A : 休みはどうでしたか？。\r\nB : ________です。','Read the sentence and choose the word that fits in ______the most','Baca kalimatnya, pilihlah kata yang paling sesuai untuk melengkapi kata yang bergaris bawah!',NULL,NULL,'4',6,'2024-04-19 02:01:52','2024-04-19 02:35:54'),(95,'26','A: すみません、このピザ、エビが入っていますか？\r\nB:______________ 。','Read the sentence and choose the word that fits in ______the most','Baca kalimatnya, pilihlah kata yang paling sesuai untuk melengkapi kata yang bergaris bawah!',NULL,NULL,'4',6,'2024-04-19 02:03:46','2024-04-19 02:36:10'),(96,'27','A: あした、そうたい_______。\r\nB : べつにかまいませんよ。','Read the sentence and choose the word that fits in ______the most','Baca kalimatnya, pilihlah kata yang paling sesuai untuk melengkapi kata yang bergaris bawah!',NULL,NULL,'4',6,'2024-04-19 02:13:31','2024-04-19 02:36:58'),(97,'28','A : これ、プレゼントです。あけてみてください。\r\nB : ____________	。','Read the sentence and choose the word that fits in ______the most','Baca kalimatnya, pilihlah kata yang paling sesuai untuk melengkapi kata yang bergaris bawah!',NULL,NULL,'4',6,'2024-04-19 02:16:05','2024-04-19 02:36:19'),(98,'29','A: どうぞ。お土産(みやげ)です。\r\nB:____________ 	。 \r\nA : お守りです','Read the sentence and choose the word that fits in ______the most','Baca kalimatnya, pilihlah kata yang paling sesuai untuk melengkapi kata yang bergaris bawah!',NULL,NULL,'4',6,'2024-04-19 02:18:09','2024-04-19 02:37:43'),(99,'30','A : バリに行きたいんですが……。\r\nB:飛行機(ひこうき)に乗ったほうがいいですよ。','Read the sentence and choose the word that fits in ______the most','Baca kalimatnya, pilihlah kata yang paling sesuai untuk melengkapi kata yang bergaris bawah!',NULL,NULL,'4',6,'2024-04-19 02:23:28','2024-04-19 02:38:01'),(100,'31','ドニさんはなににしますか？',NULL,NULL,'que-audios/vxnk21G03BqaNn0wLpcpJlErHnAc2wDf5I6i88oq.mp3',NULL,'4',7,'2024-04-19 02:51:46','2024-04-19 02:54:54'),(101,'32','ビザルさんの家の近くには、なにがありますか？',NULL,NULL,'que-audios/gOEI5esVn165niOIM8l6HGLW1m7ZkLdLThllp5Eg.mp3',NULL,'4',7,'2024-04-19 03:31:17','2024-04-19 03:31:17'),(102,'33','おすすめ場所は何ですか',NULL,NULL,'que-audios/sLnXN3QBF4bsfB9Neu32vk3nMTSuaMqUcXZNflhZ.mp3',NULL,'4',7,'2024-04-19 03:33:33','2024-04-19 03:41:08'),(103,'34','エコさん休みの日、何をしますか？',NULL,NULL,'que-audios/CxktWtX2EyD8Lt9cNYiTVdm4rsrwSxAHA0BPOIUh.mp3',NULL,'4',7,'2024-04-19 04:15:29','2024-04-19 04:15:29'),(104,'35','よなかの天気はどうですか？',NULL,NULL,'que-audios/LbiYbhCLPBeFfQ8NxDMmxhnoHS27vxnV6crBhTR1.mp3',NULL,'4',7,'2024-04-19 04:18:35','2024-04-19 04:18:35'),(105,'36','はじめはなにをしますか?',NULL,NULL,'que-audios/KRtLunD5aUgAvzBZ5Q7ftJw5iwBpPsbKTyMBPC1d.mp3',NULL,'4',7,'2024-04-19 04:21:40','2024-04-19 04:24:31'),(106,'37','仕事はどうですか？',NULL,NULL,'que-audios/QHrQvn9oVsgYLFPXWl0cBr4236TRlgVzZMHXSAY1.mp3',NULL,'4',7,'2024-04-19 04:42:05','2024-04-19 04:42:05'),(107,'38','どうして遅れたんですか？',NULL,NULL,'que-audios/gm5LcoLecBGgSbmTL5dsqXRJiYuRwuy6mfPoot2e.mp3',NULL,'4',7,'2024-04-19 06:32:50','2024-04-19 06:32:50'),(109,'39','味はどうですか？',NULL,NULL,'que-audios/ZlrohxMNEVXh09CQZvdwIZVjWlP7mwVBYl0BazyW.mp3',NULL,'4',7,'2024-04-19 06:41:04','2024-04-19 06:41:04'),(110,'40','何の部屋ですか',NULL,NULL,'que-audios/gUpSq3VRTZagJaryEIpPLqftQDet1zgwCbqOHbSb.mp3',NULL,'4',7,'2024-04-19 06:42:16','2024-04-19 06:42:16'),(111,'41','交流パーティーはいつですか?',NULL,NULL,'que-audios/nUVldNJ7HwqWsNLuTf0NOHZwR2agBazitPzuMTQS.mp3',NULL,'4',7,'2024-04-19 06:44:10','2024-04-19 06:44:10'),(112,'42','会社までどうやっていきますか',NULL,NULL,'que-audios/XknPCM2Plq4vL42fmWLmyZR9sxGHon4zLyRt9HRq.mp3',NULL,'4',7,'2024-04-19 06:46:33','2024-04-19 06:46:33'),(113,'43','リリアンさんはどこにいますか？',NULL,NULL,'que-audios/WyvXdYVH9bo4vm3SqGFWry1scZLCDrxaGKQXStyL.mp3',NULL,'4',7,'2024-04-19 06:57:47','2024-04-19 06:57:47'),(114,'44','何を頼まれましたか',NULL,NULL,'que-audios/K8uuMGlRtgGevh6KwR6r9rNaNAw2dGKk3VyfXqBK.mp3',NULL,'4',7,'2024-04-19 07:06:11','2024-04-19 07:06:11'),(115,'45','正しくないものは何ですか？',NULL,NULL,'que-audios/DHtMCb71tAKpbZ1mINjaRnPTwCuuuh8j13zZEpD9.mp3',NULL,'4',7,'2024-04-19 07:09:21','2024-04-19 07:09:21'),(116,'46','インドネシアにはきせつが二つありますが、日本には四つあります。インドネシアのき つはうきとかんきがあります。かんきよりうきのほうがすきです。今はもう 1 年日本にすんでいますから、大好きなきせつがかわったと思っています。それは こうようのきせつです。毎日 涼しい、けしきもれいだし、このきせつの食べ物もおいしいです。ときどき雨が 降っても、ずっと好きです。\r\n\r\nインドネシアの季節ついて、正しくないものはどれですか？',NULL,NULL,NULL,NULL,'5',8,'2024-04-19 07:14:31','2024-04-19 07:18:47'),(117,'47','インドネシアにはきせつが二つありますが、日本には四つあります。インドネシアのき つはうきとかんきがあります。かんきよりうきのほうがすきです。今はもう 1 年日本にすんでいますから、大好きなきせつがかわったと思っています。それは こうようのきせつです。毎日 涼しい、けしきもれいだし、このきせつの食べ物もおいしいです。ときどき雨が 降っても、ずっと好きです。\r\n\r\n私は日本   来てから、どんな季節(きせつ)が好き なりましたか？',NULL,NULL,NULL,NULL,'5',8,'2024-04-19 07:21:25','2024-04-19 07:21:25'),(118,'49','リダさん、\r\nすみませんが、今朝からげりとはきけがつづいているので早退しようと思います。これから会社を出て、すぐ病院に行きます。けいたいでんわもうちに忘れましたから、病院に行くまえに、このメールを書きました。ちょっとお願いがあるんですが…しゃちょうは会社にもどったら、「あした、工場見学の予定はキャンセルされた」と伝 えてください。それから、私の机の上に置いてあるレポートは上田さんにわたしてください。私は今日、にゅういんしないかどうか、まだわかりませんんが、今晩はメールでまたれんらくします。よろしくおねがいします。\r\n\r\nリオ\r\n\r\n\r\nリオさんはどうして早退(そうたい)しましたか？',NULL,NULL,NULL,NULL,'4',8,'2024-04-19 07:27:41','2024-04-19 07:27:41'),(119,'50','リダさん、\r\nすみませんが、今朝からげりとはきけがつづいているので早退しようと思います。これから会社を出て、すぐ病院に行きます。けいたいでんわもうちに忘れましたから、病院に行くまえに、このメールを書きました。ちょっとお願いがあるんですが…しゃちょうは会社にもどったら、「あした、工場見学の予定はキャンセルされた」と伝 えてください。それから、私の机の上に置いてあるレポートは上田さんにわたしてください。私は今日、にゅういんしないかどうか、まだわかりませんんが、今晩はメールでまたれんらくします。よろしくおねがいします。\r\n\r\nリオ\r\n\r\n\r\nリダさんはリオさんからのメールをよんだあとで、何をしなければなりませんか',NULL,NULL,NULL,NULL,'5',8,'2024-04-19 07:37:51','2024-04-19 07:37:51'),(120,'51','マナさんからビデオレターをもらいました。マナさんは今大阪を旅行しています。\r\nようこさん、こんにちは。お元気ですか？大阪はとても暑いです。わたしは今しんさいばしにいます。大阪でいちばんにぎやかなところです。はしの上で男の人がギターを弾いています。たくさんの人が聞いています。がいこくじんもいます。音楽はせかいのことばですね。\r\n\r\n\r\nだれからビデオをおくりましたか？',NULL,NULL,NULL,NULL,'6',8,'2024-04-19 07:40:15','2024-04-19 07:40:15'),(121,'52','マナさんからビデオレターをもらいました。マナさんは今大阪を旅行しています。\r\nようこさん、こんにちは。お元気ですか？大阪はとても暑いです。わたしは今しんさいばしにいます。大阪でいちばんにぎやかなところです。はしの上で男の人がギターを弾いています。たくさんの人が聞いています。がいこくじんもいます。音楽はせかいのことばですね。\r\n\r\n男の人はどこでギターを弾(ひ)いていますか？',NULL,NULL,NULL,NULL,'6',8,'2024-04-19 07:41:51','2024-04-19 07:41:51'),(122,'53','有名(ゆうめい)なたこやき屋(や)のまえです。人がたくさんまっています。みんなみせのまえでたべています。私も食べました。あつかったですが、とてもおいしかったです。\r\n\r\nたこやきはどうでしたか？',NULL,NULL,NULL,NULL,'6',8,'2024-04-19 07:46:49','2024-04-19 07:46:49'),(123,'54','大阪じょう公園へ来ました。広い公園です。子どもが遊んでいます。女の人がいぬとさ んぽしています。木下でおとこのひとがねています。あれは大阪じょうです。これから大阪じょうを見に行きます。\r\n\r\n女の人は大阪じょうで何をしていますか？',NULL,NULL,NULL,NULL,'6',8,'2024-04-19 07:51:29','2024-04-19 07:51:29'),(124,'55','大阪じょう公園へ来ました。広い公園です。子どもが遊んでいます。女の人がいぬとさ んぽしています。木下でおとこのひとがねています。あれは大阪じょうです。これから大阪じょうを見に行きます。\r\n\r\n\r\nマナさんはいまから何をしていますか',NULL,NULL,NULL,NULL,'6',8,'2024-04-19 07:57:21','2024-04-19 07:57:21'),(125,'55','大阪じょう公園へ来ました。広い公園です。子どもが遊んでいます。女の人がいぬとさ んぽしています。木下でおとこのひとがねています。あれは大阪じょうです。これから大阪じょうを見に行きます。\r\n\r\n\r\nマナさんはいまから何をしていますか',NULL,NULL,NULL,NULL,'6',8,'2024-04-19 07:57:22','2024-04-19 07:57:22'),(126,'56','美香さんはマサトさん な をさそいますか？',NULL,NULL,NULL,'que-images/d999YdyDsM3onbud71swbtr8vaqC3sozkDA7paZ9.jpg','6',8,'2024-04-19 07:59:36','2024-04-19 07:59:36'),(127,'57','ただしくないものはどれですか',NULL,NULL,NULL,'que-images/IUiyvLrG3qAns6jldr37h8xt6zo5VwVJztTVIyyt.jpg','5',8,'2024-04-19 08:03:14','2024-04-19 08:03:14'),(128,'58','バーガーでいちばん安いのはどれですか',NULL,NULL,NULL,'que-images/jid2ola5RSgM1hcQAeevhIXVzGA2huDMpnr50CZ2.jpg','6',8,'2024-04-19 08:09:31','2024-04-19 08:09:31'),(129,'59','正しいものはなんですか？',NULL,NULL,NULL,'que-images/VrVBaW1MSkPlJdnbFMM7MqSsuIr12QQjawEUGHe2.jpg','6',8,'2024-04-19 08:19:31','2024-04-19 08:19:31'),(130,'60','朝どの薬を食べますか？',NULL,NULL,NULL,'que-images/2wGYYYuOhtOV3wYVHe5ut6LQol1L3oYYHfRlhfpx.jpg','6',8,'2024-04-19 08:21:41','2024-04-19 08:21:41'),(131,'3','問題１―語の意味','Look at the illustration and choose the correct word','Perhatikan ilustrasinya dan pilih kata yang tepat',NULL,'que-images/nkPMLYMhos7BYMjMhiwNnFSiom5Z6vVU9DvkDbkB.png','3',1,'2024-04-22 10:26:02','2024-04-22 10:26:02'),(132,'4','よかったら、このうめぼし、（　　　）みてください。',NULL,NULL,NULL,NULL,'3',1,'2024-04-22 10:31:18','2024-04-22 10:31:18');
/*!40000 ALTER TABLE `questions` ENABLE KEYS */;
UNLOCK TABLES;

--
-- Table structure for table `sections`
--

DROP TABLE IF EXISTS `sections`;
/*!40101 SET @saved_cs_client     = @@character_set_client */;
/*!50503 SET character_set_client = utf8mb4 */;
CREATE TABLE `sections` (
  `id` bigint unsigned NOT NULL AUTO_INCREMENT,
  `section_name` varchar(255) COLLATE utf8mb4_unicode_ci NOT NULL,
  `section_code` varchar(255) COLLATE utf8mb4_unicode_ci NOT NULL,
  `package_test_id` bigint unsigned NOT NULL,
  `created_at` timestamp NULL DEFAULT NULL,
  `updated_at` timestamp NULL DEFAULT NULL,
  PRIMARY KEY (`id`),
  KEY `sections_package_test_id_foreign` (`package_test_id`),
  CONSTRAINT `sections_package_test_id_foreign` FOREIGN KEY (`package_test_id`) REFERENCES `package_tests` (`id`)
) ENGINE=InnoDB AUTO_INCREMENT=9 DEFAULT CHARSET=utf8mb4 COLLATE=utf8mb4_unicode_ci;
/*!40101 SET character_set_client = @saved_cs_client */;

--
-- Dumping data for table `sections`
--

LOCK TABLES `sections` WRITE;
/*!40000 ALTER TABLE `sections` DISABLE KEYS */;
INSERT INTO `sections` VALUES (1,'Script and Vocab','SV',1,NULL,NULL),(2,'Conversation and Expression','CE',1,NULL,NULL),(3,'Listening Comprehension','LC',1,NULL,NULL),(4,'Reading Comprehension','RC',1,NULL,NULL),(5,'Script and Vocab','SV',2,NULL,NULL),(6,'Conversation and Expression','CE',2,NULL,NULL),(7,'Listening Comprehension','LC',2,NULL,NULL),(8,'Reading Comprehension','RC',2,NULL,NULL);
/*!40000 ALTER TABLE `sections` ENABLE KEYS */;
UNLOCK TABLES;

--
-- Table structure for table `user_answer_details`
--

DROP TABLE IF EXISTS `user_answer_details`;
/*!40101 SET @saved_cs_client     = @@character_set_client */;
/*!50503 SET character_set_client = utf8mb4 */;
CREATE TABLE `user_answer_details` (
  `id` bigint unsigned NOT NULL AUTO_INCREMENT,
  `answer_char` varchar(255) COLLATE utf8mb4_unicode_ci DEFAULT NULL,
  `question_test_id` varchar(255) COLLATE utf8mb4_unicode_ci DEFAULT NULL,
  `section_id` varchar(255) COLLATE utf8mb4_unicode_ci DEFAULT NULL,
  `user_answer_id` bigint unsigned NOT NULL,
  `created_at` timestamp NULL DEFAULT NULL,
  `updated_at` timestamp NULL DEFAULT NULL,
  PRIMARY KEY (`id`),
  KEY `user_answer_details_user_answer_id_foreign` (`user_answer_id`),
  CONSTRAINT `user_answer_details_user_answer_id_foreign` FOREIGN KEY (`user_answer_id`) REFERENCES `user_answers` (`id`)
) ENGINE=InnoDB AUTO_INCREMENT=2 DEFAULT CHARSET=utf8mb4 COLLATE=utf8mb4_unicode_ci;
/*!40101 SET character_set_client = @saved_cs_client */;

--
-- Dumping data for table `user_answer_details`
--

LOCK TABLES `user_answer_details` WRITE;
/*!40000 ALTER TABLE `user_answer_details` DISABLE KEYS */;
INSERT INTO `user_answer_details` VALUES (1,'B','72','5',3,'2024-04-19 08:24:24','2024-04-19 08:24:24');
/*!40000 ALTER TABLE `user_answer_details` ENABLE KEYS */;
UNLOCK TABLES;

--
-- Table structure for table `user_answers`
--

DROP TABLE IF EXISTS `user_answers`;
/*!40101 SET @saved_cs_client     = @@character_set_client */;
/*!50503 SET character_set_client = utf8mb4 */;
CREATE TABLE `user_answers` (
  `id` bigint unsigned NOT NULL AUTO_INCREMENT,
  `is_done` tinyint(1) NOT NULL,
  `user_id` varchar(255) COLLATE utf8mb4_unicode_ci NOT NULL,
  `created_at` timestamp NULL DEFAULT NULL,
  `updated_at` timestamp NULL DEFAULT NULL,
  PRIMARY KEY (`id`)
) ENGINE=InnoDB AUTO_INCREMENT=6 DEFAULT CHARSET=utf8mb4 COLLATE=utf8mb4_unicode_ci;
/*!40101 SET character_set_client = @saved_cs_client */;

--
-- Dumping data for table `user_answers`
--

LOCK TABLES `user_answers` WRITE;
/*!40000 ALTER TABLE `user_answers` DISABLE KEYS */;
INSERT INTO `user_answers` VALUES (1,0,'5','2024-04-02 15:15:03','2024-04-02 15:15:03'),(2,0,'6','2024-04-18 02:26:01','2024-04-18 02:26:01'),(3,0,'7','2024-04-19 08:24:01','2024-04-19 08:24:01'),(4,0,'2','2024-04-19 08:25:15','2024-04-19 08:25:15'),(5,0,'3','2024-04-23 14:05:47','2024-04-23 14:05:47');
/*!40000 ALTER TABLE `user_answers` ENABLE KEYS */;
UNLOCK TABLES;

--
-- Table structure for table `users`
--

DROP TABLE IF EXISTS `users`;
/*!40101 SET @saved_cs_client     = @@character_set_client */;
/*!50503 SET character_set_client = utf8mb4 */;
CREATE TABLE `users` (
  `id` bigint unsigned NOT NULL AUTO_INCREMENT,
  `name` varchar(255) COLLATE utf8mb4_unicode_ci NOT NULL,
  `email` varchar(255) COLLATE utf8mb4_unicode_ci NOT NULL,
  `email_verified_at` timestamp NULL DEFAULT NULL,
  `password` varchar(255) COLLATE utf8mb4_unicode_ci NOT NULL,
  `role` varchar(255) COLLATE utf8mb4_unicode_ci NOT NULL,
  `package` varchar(255) COLLATE utf8mb4_unicode_ci DEFAULT NULL,
  `remember_token` varchar(100) COLLATE utf8mb4_unicode_ci DEFAULT NULL,
  `created_at` timestamp NULL DEFAULT NULL,
  `updated_at` timestamp NULL DEFAULT NULL,
  PRIMARY KEY (`id`),
  UNIQUE KEY `users_email_unique` (`email`)
) ENGINE=InnoDB AUTO_INCREMENT=8 DEFAULT CHARSET=utf8mb4 COLLATE=utf8mb4_unicode_ci;
/*!40101 SET character_set_client = @saved_cs_client */;

--
-- Dumping data for table `users`
--

LOCK TABLES `users` WRITE;
/*!40000 ALTER TABLE `users` DISABLE KEYS */;
INSERT INTO `users` VALUES (1,'Super Admin','superadmin@gmail.com',NULL,'$2y$10$M.ZocNmhy1/c2Nu/gk6SeeppbDjJtycwj/yXsuyyjtcmMm9PXHG0.','superadmin',NULL,NULL,NULL,NULL),(2,'Admin','admin@gmail.com',NULL,'$2y$10$l9Mysf18sAE5kcYVzqEX8eTkN5QHx2rTltjpTCkqJ91SonJTczIhG','admin',NULL,NULL,NULL,NULL),(3,'Gunawan','gun@gmail.com',NULL,'$2y$10$mXCx2bpqCoB67eQHNiKgNuqERngatyDFJw1CNrUXlTawnnxFpQqHe','user','1',NULL,NULL,NULL),(4,'tama','tama@gmail.com',NULL,'$2y$10$Hn8Put/OaqM28pVGEQ80iumenN5ptkhLPPmaYN9edO0kZxL0AJQ/G','user','1',NULL,'2024-04-02 15:12:58','2024-04-02 15:12:58'),(5,'Arisnati Maulidania','arisnatimaulidania123@upi.edu',NULL,'$2y$10$vnCbpJzi5jTh6gOB7UNRgOZTgU.aOeAV7k0.YXQlx3/05/h/LkssS','user','2',NULL,'2024-04-02 15:14:45','2024-04-02 15:14:45'),(6,'arisnati maulidania','ampreloved123@gmail.com',NULL,'$2y$10$.KMJvEcMeS2CC19RVBanzeznHZvZkgqSLXV2U5FfAhk0K/z25CehK','user','2',NULL,'2024-04-18 02:25:44','2024-04-18 02:25:44'),(7,'vita','vita123@gmail.com',NULL,'$2y$10$wyEu7wrDXE3w4jSVSLF03eTXCYiYFaI59rKT0hwnEY43GWygpIrRG','user','2',NULL,'2024-04-19 08:23:54','2024-04-19 08:23:54');
/*!40000 ALTER TABLE `users` ENABLE KEYS */;
UNLOCK TABLES;
/*!40103 SET TIME_ZONE=@OLD_TIME_ZONE */;

/*!40101 SET SQL_MODE=@OLD_SQL_MODE */;
/*!40014 SET FOREIGN_KEY_CHECKS=@OLD_FOREIGN_KEY_CHECKS */;
/*!40014 SET UNIQUE_CHECKS=@OLD_UNIQUE_CHECKS */;
/*!40101 SET CHARACTER_SET_CLIENT=@OLD_CHARACTER_SET_CLIENT */;
/*!40101 SET CHARACTER_SET_RESULTS=@OLD_CHARACTER_SET_RESULTS */;
/*!40101 SET COLLATION_CONNECTION=@OLD_COLLATION_CONNECTION */;
/*!40111 SET SQL_NOTES=@OLD_SQL_NOTES */;

-- Dump completed on 2024-04-23 15:40:43
